Copyright 1986-2022 Xilinx, Inc. All Rights Reserved. Copyright 2022-2023 Advanced Micro Devices, Inc. All Rights Reserved.
------------------------------------------------------------------------------------------------------------------------------------------------------------------------------------------------------------------
| Tool Version : Vivado v.2023.2 (win64) Build 4029153 Fri Oct 13 20:14:34 MDT 2023
| Date         : Sat Aug  8 16:42:53 2026
| Host         : Rajesh running 64-bit major release  (build 9200)
| Command      : report_timing_summary -max_paths 10 -report_unconstrained -file CH1_RTD_timing_summary_routed.rpt -pb CH1_RTD_timing_summary_routed.pb -rpx CH1_RTD_timing_summary_routed.rpx -warn_on_violation
| Design       : CH1_RTD
| Device       : 7a100t-csg324
| Speed File   : -2  PRODUCTION 1.23 2018-06-13
| Design State : Routed
------------------------------------------------------------------------------------------------------------------------------------------------------------------------------------------------------------------

Timing Summary Report

------------------------------------------------------------------------------------------------
| Timer Settings
| --------------
------------------------------------------------------------------------------------------------

  Enable Multi Corner Analysis               :  Yes
  Enable Pessimism Removal                   :  Yes
  Pessimism Removal Resolution               :  Nearest Common Node
  Enable Input Delay Default Clock           :  No
  Enable Preset / Clear Arcs                 :  No
  Disable Flight Delays                      :  No
  Ignore I/O Paths                           :  No
  Timing Early Launch at Borrowing Latches   :  No
  Borrow Time for Max Delay Exceptions       :  Yes
  Merge Timing Exceptions                    :  Yes
  Inter-SLR Compensation                     :  Conservative

  Corner  Analyze    Analyze    
  Name    Max Paths  Min Paths  
  ------  ---------  ---------  
  Slow    Yes        Yes        
  Fast    Yes        Yes        


------------------------------------------------------------------------------------------------
| Report Methodology
| ------------------
------------------------------------------------------------------------------------------------

Rule       Severity  Description                    Violations  
---------  --------  -----------------------------  ----------  
TIMING-18  Warning   Missing input or output delay  52          

Note: This report is based on the most recent report_methodology run and may not be up-to-date. Run report_methodology on the current design for the latest report.



check_timing report

Table of Contents
-----------------
1. checking no_clock (0)
2. checking constant_clock (0)
3. checking pulse_width_clock (0)
4. checking unconstrained_internal_endpoints (0)
5. checking no_input_delay (2)
6. checking no_output_delay (50)
7. checking multiple_clock (0)
8. checking generated_clocks (0)
9. checking loops (0)
10. checking partial_input_delay (0)
11. checking partial_output_delay (0)
12. checking latch_loops (0)

1. checking no_clock (0)
------------------------
 There are 0 register/latch pins with no clock.


2. checking constant_clock (0)
------------------------------
 There are 0 register/latch pins with constant_clock.


3. checking pulse_width_clock (0)
---------------------------------
 There are 0 register/latch pins which need pulse_width check


4. checking unconstrained_internal_endpoints (0)
------------------------------------------------
 There are 0 pins that are not constrained for maximum delay.

 There are 0 pins that are not constrained for maximum delay due to constant clock.


5. checking no_input_delay (2)
------------------------------
 There are 2 input ports with no input delay specified. (HIGH)

 There are 0 input ports with no input delay but user has a false path constraint.


6. checking no_output_delay (50)
--------------------------------
 There are 50 ports with no output delay specified. (HIGH)

 There are 0 ports with no output delay but user has a false path constraint

 There are 0 ports with no output delay but with a timing clock defined on it or propagating through it


7. checking multiple_clock (0)
------------------------------
 There are 0 register/latch pins with multiple clocks.


8. checking generated_clocks (0)
--------------------------------
 There are 0 generated clocks that are not connected to a clock source.


9. checking loops (0)
---------------------
 There are 0 combinational loops in the design.


10. checking partial_input_delay (0)
------------------------------------
 There are 0 input ports with partial input delay specified.


11. checking partial_output_delay (0)
-------------------------------------
 There are 0 ports with partial output delay specified.


12. checking latch_loops (0)
----------------------------
 There are 0 combinational latch loops in the design through latch input



------------------------------------------------------------------------------------------------
| Design Timing Summary
| ---------------------
------------------------------------------------------------------------------------------------

    WNS(ns)      TNS(ns)  TNS Failing Endpoints  TNS Total Endpoints      WHS(ns)      THS(ns)  THS Failing Endpoints  THS Total Endpoints     WPWS(ns)     TPWS(ns)  TPWS Failing Endpoints  TPWS Total Endpoints  
    -------      -------  ---------------------  -------------------      -------      -------  ---------------------  -------------------     --------     --------  ----------------------  --------------------  
      7.047        0.000                      0                  582        0.188        0.000                      0                  582        9.500        0.000                       0                   292  


All user specified timing constraints are met.


------------------------------------------------------------------------------------------------
| Clock Summary
| -------------
------------------------------------------------------------------------------------------------

Clock           Waveform(ns)       Period(ns)      Frequency(MHz)
-----           ------------       ----------      --------------
FPGA_CLK_50MHZ  {0.000 10.000}     20.000          50.000          


------------------------------------------------------------------------------------------------
| Intra Clock Table
| -----------------
------------------------------------------------------------------------------------------------

Clock               WNS(ns)      TNS(ns)  TNS Failing Endpoints  TNS Total Endpoints      WHS(ns)      THS(ns)  THS Failing Endpoints  THS Total Endpoints     WPWS(ns)     TPWS(ns)  TPWS Failing Endpoints  TPWS Total Endpoints  
-----               -------      -------  ---------------------  -------------------      -------      -------  ---------------------  -------------------     --------     --------  ----------------------  --------------------  
FPGA_CLK_50MHZ        7.047        0.000                      0                  582        0.188        0.000                      0                  582        9.500        0.000                       0                   292  


------------------------------------------------------------------------------------------------
| Inter Clock Table
| -----------------
------------------------------------------------------------------------------------------------

From Clock    To Clock          WNS(ns)      TNS(ns)  TNS Failing Endpoints  TNS Total Endpoints      WHS(ns)      THS(ns)  THS Failing Endpoints  THS Total Endpoints  
----------    --------          -------      -------  ---------------------  -------------------      -------      -------  ---------------------  -------------------  


------------------------------------------------------------------------------------------------
| Other Path Groups Table
| -----------------------
------------------------------------------------------------------------------------------------

Path Group    From Clock    To Clock          WNS(ns)      TNS(ns)  TNS Failing Endpoints  TNS Total Endpoints      WHS(ns)      THS(ns)  THS Failing Endpoints  THS Total Endpoints  
----------    ----------    --------          -------      -------  ---------------------  -------------------      -------      -------  ---------------------  -------------------  


------------------------------------------------------------------------------------------------
| User Ignored Path Table
| -----------------------
------------------------------------------------------------------------------------------------

Path Group    From Clock    To Clock    
----------    ----------    --------    


------------------------------------------------------------------------------------------------
| Unconstrained Path Table
| ------------------------
------------------------------------------------------------------------------------------------

Path Group      From Clock      To Clock      
----------      ----------      --------      
(none)          FPGA_CLK_50MHZ                  
(none)                          FPGA_CLK_50MHZ  


------------------------------------------------------------------------------------------------
| Timing Details
| --------------
------------------------------------------------------------------------------------------------


---------------------------------------------------------------------------------------------------
From Clock:  FPGA_CLK_50MHZ
  To Clock:  FPGA_CLK_50MHZ

Setup :            0  Failing Endpoints,  Worst Slack        7.047ns,  Total Violation        0.000ns
Hold  :            0  Failing Endpoints,  Worst Slack        0.188ns,  Total Violation        0.000ns
PW    :            0  Failing Endpoints,  Worst Slack        9.500ns,  Total Violation        0.000ns
---------------------------------------------------------------------------------------------------


Max Delay Paths
--------------------------------------------------------------------------------------
Slack (MET) :             7.047ns  (required time - arrival time)
  Source:                 rx_buf_len_reg[1]/C
                            (rising edge-triggered cell FDRE clocked by FPGA_CLK_50MHZ  {rise@0.000ns fall@10.000ns period=20.000ns})
  Destination:            channel_sel_reg[0]/S
                            (rising edge-triggered cell FDSE clocked by FPGA_CLK_50MHZ  {rise@0.000ns fall@10.000ns period=20.000ns})
  Path Group:             FPGA_CLK_50MHZ
  Path Type:              Setup (Max at Slow Process Corner)
  Requirement:            20.000ns  (FPGA_CLK_50MHZ rise@20.000ns - FPGA_CLK_50MHZ rise@0.000ns)
  Data Path Delay:        12.177ns  (logic 5.259ns (43.188%)  route 6.918ns (56.812%))
  Logic Levels:           19  (CARRY4=8 LUT2=3 LUT3=1 LUT4=3 LUT5=1 LUT6=3)
  Clock Path Skew:        -0.317ns (DCD - SCD + CPR)
    Destination Clock Delay (DCD):    4.636ns = ( 24.636 - 20.000 ) 
    Source Clock Delay      (SCD):    5.133ns
    Clock Pessimism Removal (CPR):    0.179ns
  Clock Uncertainty:      0.035ns  ((TSJ^2 + TIJ^2)^1/2 + DJ) / 2 + PE
    Total System Jitter     (TSJ):    0.071ns
    Total Input Jitter      (TIJ):    0.000ns
    Discrete Jitter          (DJ):    0.000ns
    Phase Error              (PE):    0.000ns

    Location             Delay type                Incr(ns)  Path(ns)    Netlist Resource(s)
  -------------------------------------------------------------------    -------------------
                         (clock FPGA_CLK_50MHZ rise edge)
                                                      0.000     0.000 r  
    B8                                                0.000     0.000 r  FPGA_CLK_50MHZ (IN)
                         net (fo=0)                   0.000     0.000    FPGA_CLK_50MHZ
    B8                   IBUF (Prop_ibuf_I_O)         1.466     1.466 r  FPGA_CLK_50MHZ_IBUF_inst/O
                         net (fo=1, routed)           1.982     3.448    FPGA_CLK_50MHZ_IBUF
    BUFGCTRL_X0Y16       BUFG (Prop_bufg_I_O)         0.081     3.529 r  FPGA_CLK_50MHZ_IBUF_BUFG_inst/O
                         net (fo=291, routed)         1.604     5.133    FPGA_CLK_50MHZ_IBUF_BUFG
    SLICE_X7Y46          FDRE                                         r  rx_buf_len_reg[1]/C
  -------------------------------------------------------------------    -------------------
    SLICE_X7Y46          FDRE (Prop_fdre_C_Q)         0.379     5.512 r  rx_buf_len_reg[1]/Q
                         net (fo=12, routed)          1.219     6.730    rx_buf_len_reg_n_0_[1]
    SLICE_X10Y46         LUT4 (Prop_lut4_I3_O)        0.118     6.848 f  res_int[3]_i_14/O
                         net (fo=1, routed)           0.359     7.207    res_int[3]_i_14_n_0
    SLICE_X10Y46         LUT5 (Prop_lut5_I0_O)        0.264     7.471 f  res_int[3]_i_9/O
                         net (fo=20, routed)          0.598     8.069    res_int[3]_i_9_n_0
    SLICE_X9Y46          LUT2 (Prop_lut2_I1_O)        0.105     8.174 r  res_int[9]_i_65/O
                         net (fo=1, routed)           0.000     8.174    res_int[9]_i_65_n_0
    SLICE_X9Y46          CARRY4 (Prop_carry4_S[0]_O[2])
                                                      0.453     8.627 r  res_int_reg[9]_i_45/O[2]
                         net (fo=2, routed)           0.542     9.170    res_int_reg[9]_i_45_n_5
    SLICE_X8Y46          LUT2 (Prop_lut2_I1_O)        0.253     9.423 r  res_int[8]_i_33/O
                         net (fo=1, routed)           0.000     9.423    res_int[8]_i_33_n_0
    SLICE_X8Y46          CARRY4 (Prop_carry4_S[3]_O[3])
                                                      0.211     9.634 r  res_int_reg[8]_i_13/O[3]
                         net (fo=6, routed)           0.743    10.376    res_int_reg[8]_i_13_n_4
    SLICE_X11Y48         LUT3 (Prop_lut3_I1_O)        0.250    10.626 r  res_int[9]_i_53/O
                         net (fo=1, routed)           0.000    10.626    res_int[9]_i_53_n_0
    SLICE_X11Y48         CARRY4 (Prop_carry4_S[3]_CO[3])
                                                      0.332    10.958 r  res_int_reg[9]_i_35/CO[3]
                         net (fo=1, routed)           0.000    10.958    res_int_reg[9]_i_35_n_0
    SLICE_X11Y49         CARRY4 (Prop_carry4_CI_O[0])
                                                      0.180    11.138 r  res_int_reg[9]_i_17/O[0]
                         net (fo=4, routed)           0.353    11.491    res_int_reg[9]_i_17_n_7
    SLICE_X10Y49         LUT4 (Prop_lut4_I1_O)        0.249    11.740 r  res_int[8]_i_11/O
                         net (fo=1, routed)           0.000    11.740    res_int[8]_i_11_n_0
    SLICE_X10Y49         CARRY4 (Prop_carry4_S[1]_O[3])
                                                      0.534    12.274 r  res_int_reg[8]_i_2/O[3]
                         net (fo=4, routed)           0.475    12.749    res_int_reg[8]_i_2_n_4
    SLICE_X10Y51         LUT4 (Prop_lut4_I0_O)        0.250    12.999 r  res_int[9]_i_28/O
                         net (fo=1, routed)           0.401    13.400    res_int[9]_i_28_n_0
    SLICE_X9Y49          CARRY4 (Prop_carry4_DI[3]_CO[3])
                                                      0.318    13.718 r  res_int_reg[9]_i_12/CO[3]
                         net (fo=1, routed)           0.001    13.719    res_int_reg[9]_i_12_n_0
    SLICE_X9Y50          CARRY4 (Prop_carry4_CI_O[0])
                                                      0.180    13.899 r  res_int_reg[9]_i_34/O[0]
                         net (fo=2, routed)           0.575    14.473    res_int_reg[9]_i_34_n_7
    SLICE_X8Y51          LUT2 (Prop_lut2_I1_O)        0.249    14.722 r  res_int[9]_i_14/O
                         net (fo=1, routed)           0.000    14.722    res_int[9]_i_14_n_0
    SLICE_X8Y51          CARRY4 (Prop_carry4_S[1]_O[2])
                                                      0.480    15.202 r  res_int_reg[9]_i_5/O[2]
                         net (fo=2, routed)           0.399    15.601    res_int_reg[9]_i_5_n_5
    SLICE_X11Y51         LUT6 (Prop_lut6_I0_O)        0.244    15.845 r  res_int[4]_i_3/O
                         net (fo=1, routed)           0.414    16.259    res_int[4]_i_3_n_0
    SLICE_X10Y51         LUT6 (Prop_lut6_I0_O)        0.105    16.364 r  res_int[4]_i_2/O
                         net (fo=2, routed)           0.348    16.712    temp_val__0[4]
    SLICE_X9Y51          LUT6 (Prop_lut6_I4_O)        0.105    16.817 r  channel_sel[3]_i_1/O
                         net (fo=4, routed)           0.492    17.310    channel_sel[3]_i_1_n_0
    SLICE_X8Y51          FDSE                                         r  channel_sel_reg[0]/S
  -------------------------------------------------------------------    -------------------

                         (clock FPGA_CLK_50MHZ rise edge)
                                                     20.000    20.000 r  
    B8                                                0.000    20.000 r  FPGA_CLK_50MHZ (IN)
                         net (fo=0)                   0.000    20.000    FPGA_CLK_50MHZ
    B8                   IBUF (Prop_ibuf_I_O)         1.399    21.399 r  FPGA_CLK_50MHZ_IBUF_inst/O
                         net (fo=1, routed)           1.880    23.279    FPGA_CLK_50MHZ_IBUF
    BUFGCTRL_X0Y16       BUFG (Prop_bufg_I_O)         0.077    23.356 r  FPGA_CLK_50MHZ_IBUF_BUFG_inst/O
                         net (fo=291, routed)         1.280    24.636    FPGA_CLK_50MHZ_IBUF_BUFG
    SLICE_X8Y51          FDSE                                         r  channel_sel_reg[0]/C
                         clock pessimism              0.179    24.815    
                         clock uncertainty           -0.035    24.780    
    SLICE_X8Y51          FDSE (Setup_fdse_C_S)       -0.423    24.357    channel_sel_reg[0]
  -------------------------------------------------------------------
                         required time                         24.357    
                         arrival time                         -17.310    
  -------------------------------------------------------------------
                         slack                                  7.047    

Slack (MET) :             7.047ns  (required time - arrival time)
  Source:                 rx_buf_len_reg[1]/C
                            (rising edge-triggered cell FDRE clocked by FPGA_CLK_50MHZ  {rise@0.000ns fall@10.000ns period=20.000ns})
  Destination:            channel_sel_reg[1]/S
                            (rising edge-triggered cell FDSE clocked by FPGA_CLK_50MHZ  {rise@0.000ns fall@10.000ns period=20.000ns})
  Path Group:             FPGA_CLK_50MHZ
  Path Type:              Setup (Max at Slow Process Corner)
  Requirement:            20.000ns  (FPGA_CLK_50MHZ rise@20.000ns - FPGA_CLK_50MHZ rise@0.000ns)
  Data Path Delay:        12.177ns  (logic 5.259ns (43.188%)  route 6.918ns (56.812%))
  Logic Levels:           19  (CARRY4=8 LUT2=3 LUT3=1 LUT4=3 LUT5=1 LUT6=3)
  Clock Path Skew:        -0.317ns (DCD - SCD + CPR)
    Destination Clock Delay (DCD):    4.636ns = ( 24.636 - 20.000 ) 
    Source Clock Delay      (SCD):    5.133ns
    Clock Pessimism Removal (CPR):    0.179ns
  Clock Uncertainty:      0.035ns  ((TSJ^2 + TIJ^2)^1/2 + DJ) / 2 + PE
    Total System Jitter     (TSJ):    0.071ns
    Total Input Jitter      (TIJ):    0.000ns
    Discrete Jitter          (DJ):    0.000ns
    Phase Error              (PE):    0.000ns

    Location             Delay type                Incr(ns)  Path(ns)    Netlist Resource(s)
  -------------------------------------------------------------------    -------------------
                         (clock FPGA_CLK_50MHZ rise edge)
                                                      0.000     0.000 r  
    B8                                                0.000     0.000 r  FPGA_CLK_50MHZ (IN)
                         net (fo=0)                   0.000     0.000    FPGA_CLK_50MHZ
    B8                   IBUF (Prop_ibuf_I_O)         1.466     1.466 r  FPGA_CLK_50MHZ_IBUF_inst/O
                         net (fo=1, routed)           1.982     3.448    FPGA_CLK_50MHZ_IBUF
    BUFGCTRL_X0Y16       BUFG (Prop_bufg_I_O)         0.081     3.529 r  FPGA_CLK_50MHZ_IBUF_BUFG_inst/O
                         net (fo=291, routed)         1.604     5.133    FPGA_CLK_50MHZ_IBUF_BUFG
    SLICE_X7Y46          FDRE                                         r  rx_buf_len_reg[1]/C
  -------------------------------------------------------------------    -------------------
    SLICE_X7Y46          FDRE (Prop_fdre_C_Q)         0.379     5.512 r  rx_buf_len_reg[1]/Q
                         net (fo=12, routed)          1.219     6.730    rx_buf_len_reg_n_0_[1]
    SLICE_X10Y46         LUT4 (Prop_lut4_I3_O)        0.118     6.848 f  res_int[3]_i_14/O
                         net (fo=1, routed)           0.359     7.207    res_int[3]_i_14_n_0
    SLICE_X10Y46         LUT5 (Prop_lut5_I0_O)        0.264     7.471 f  res_int[3]_i_9/O
                         net (fo=20, routed)          0.598     8.069    res_int[3]_i_9_n_0
    SLICE_X9Y46          LUT2 (Prop_lut2_I1_O)        0.105     8.174 r  res_int[9]_i_65/O
                         net (fo=1, routed)           0.000     8.174    res_int[9]_i_65_n_0
    SLICE_X9Y46          CARRY4 (Prop_carry4_S[0]_O[2])
                                                      0.453     8.627 r  res_int_reg[9]_i_45/O[2]
                         net (fo=2, routed)           0.542     9.170    res_int_reg[9]_i_45_n_5
    SLICE_X8Y46          LUT2 (Prop_lut2_I1_O)        0.253     9.423 r  res_int[8]_i_33/O
                         net (fo=1, routed)           0.000     9.423    res_int[8]_i_33_n_0
    SLICE_X8Y46          CARRY4 (Prop_carry4_S[3]_O[3])
                                                      0.211     9.634 r  res_int_reg[8]_i_13/O[3]
                         net (fo=6, routed)           0.743    10.376    res_int_reg[8]_i_13_n_4
    SLICE_X11Y48         LUT3 (Prop_lut3_I1_O)        0.250    10.626 r  res_int[9]_i_53/O
                         net (fo=1, routed)           0.000    10.626    res_int[9]_i_53_n_0
    SLICE_X11Y48         CARRY4 (Prop_carry4_S[3]_CO[3])
                                                      0.332    10.958 r  res_int_reg[9]_i_35/CO[3]
                         net (fo=1, routed)           0.000    10.958    res_int_reg[9]_i_35_n_0
    SLICE_X11Y49         CARRY4 (Prop_carry4_CI_O[0])
                                                      0.180    11.138 r  res_int_reg[9]_i_17/O[0]
                         net (fo=4, routed)           0.353    11.491    res_int_reg[9]_i_17_n_7
    SLICE_X10Y49         LUT4 (Prop_lut4_I1_O)        0.249    11.740 r  res_int[8]_i_11/O
                         net (fo=1, routed)           0.000    11.740    res_int[8]_i_11_n_0
    SLICE_X10Y49         CARRY4 (Prop_carry4_S[1]_O[3])
                                                      0.534    12.274 r  res_int_reg[8]_i_2/O[3]
                         net (fo=4, routed)           0.475    12.749    res_int_reg[8]_i_2_n_4
    SLICE_X10Y51         LUT4 (Prop_lut4_I0_O)        0.250    12.999 r  res_int[9]_i_28/O
                         net (fo=1, routed)           0.401    13.400    res_int[9]_i_28_n_0
    SLICE_X9Y49          CARRY4 (Prop_carry4_DI[3]_CO[3])
                                                      0.318    13.718 r  res_int_reg[9]_i_12/CO[3]
                         net (fo=1, routed)           0.001    13.719    res_int_reg[9]_i_12_n_0
    SLICE_X9Y50          CARRY4 (Prop_carry4_CI_O[0])
                                                      0.180    13.899 r  res_int_reg[9]_i_34/O[0]
                         net (fo=2, routed)           0.575    14.473    res_int_reg[9]_i_34_n_7
    SLICE_X8Y51          LUT2 (Prop_lut2_I1_O)        0.249    14.722 r  res_int[9]_i_14/O
                         net (fo=1, routed)           0.000    14.722    res_int[9]_i_14_n_0
    SLICE_X8Y51          CARRY4 (Prop_carry4_S[1]_O[2])
                                                      0.480    15.202 r  res_int_reg[9]_i_5/O[2]
                         net (fo=2, routed)           0.399    15.601    res_int_reg[9]_i_5_n_5
    SLICE_X11Y51         LUT6 (Prop_lut6_I0_O)        0.244    15.845 r  res_int[4]_i_3/O
                         net (fo=1, routed)           0.414    16.259    res_int[4]_i_3_n_0
    SLICE_X10Y51         LUT6 (Prop_lut6_I0_O)        0.105    16.364 r  res_int[4]_i_2/O
                         net (fo=2, routed)           0.348    16.712    temp_val__0[4]
    SLICE_X9Y51          LUT6 (Prop_lut6_I4_O)        0.105    16.817 r  channel_sel[3]_i_1/O
                         net (fo=4, routed)           0.492    17.310    channel_sel[3]_i_1_n_0
    SLICE_X8Y51          FDSE                                         r  channel_sel_reg[1]/S
  -------------------------------------------------------------------    -------------------

                         (clock FPGA_CLK_50MHZ rise edge)
                                                     20.000    20.000 r  
    B8                                                0.000    20.000 r  FPGA_CLK_50MHZ (IN)
                         net (fo=0)                   0.000    20.000    FPGA_CLK_50MHZ
    B8                   IBUF (Prop_ibuf_I_O)         1.399    21.399 r  FPGA_CLK_50MHZ_IBUF_inst/O
                         net (fo=1, routed)           1.880    23.279    FPGA_CLK_50MHZ_IBUF
    BUFGCTRL_X0Y16       BUFG (Prop_bufg_I_O)         0.077    23.356 r  FPGA_CLK_50MHZ_IBUF_BUFG_inst/O
                         net (fo=291, routed)         1.280    24.636    FPGA_CLK_50MHZ_IBUF_BUFG
    SLICE_X8Y51          FDSE                                         r  channel_sel_reg[1]/C
                         clock pessimism              0.179    24.815    
                         clock uncertainty           -0.035    24.780    
    SLICE_X8Y51          FDSE (Setup_fdse_C_S)       -0.423    24.357    channel_sel_reg[1]
  -------------------------------------------------------------------
                         required time                         24.357    
                         arrival time                         -17.310    
  -------------------------------------------------------------------
                         slack                                  7.047    

Slack (MET) :             7.047ns  (required time - arrival time)
  Source:                 rx_buf_len_reg[1]/C
                            (rising edge-triggered cell FDRE clocked by FPGA_CLK_50MHZ  {rise@0.000ns fall@10.000ns period=20.000ns})
  Destination:            channel_sel_reg[2]/S
                            (rising edge-triggered cell FDSE clocked by FPGA_CLK_50MHZ  {rise@0.000ns fall@10.000ns period=20.000ns})
  Path Group:             FPGA_CLK_50MHZ
  Path Type:              Setup (Max at Slow Process Corner)
  Requirement:            20.000ns  (FPGA_CLK_50MHZ rise@20.000ns - FPGA_CLK_50MHZ rise@0.000ns)
  Data Path Delay:        12.177ns  (logic 5.259ns (43.188%)  route 6.918ns (56.812%))
  Logic Levels:           19  (CARRY4=8 LUT2=3 LUT3=1 LUT4=3 LUT5=1 LUT6=3)
  Clock Path Skew:        -0.317ns (DCD - SCD + CPR)
    Destination Clock Delay (DCD):    4.636ns = ( 24.636 - 20.000 ) 
    Source Clock Delay      (SCD):    5.133ns
    Clock Pessimism Removal (CPR):    0.179ns
  Clock Uncertainty:      0.035ns  ((TSJ^2 + TIJ^2)^1/2 + DJ) / 2 + PE
    Total System Jitter     (TSJ):    0.071ns
    Total Input Jitter      (TIJ):    0.000ns
    Discrete Jitter          (DJ):    0.000ns
    Phase Error              (PE):    0.000ns

    Location             Delay type                Incr(ns)  Path(ns)    Netlist Resource(s)
  -------------------------------------------------------------------    -------------------
                         (clock FPGA_CLK_50MHZ rise edge)
                                                      0.000     0.000 r  
    B8                                                0.000     0.000 r  FPGA_CLK_50MHZ (IN)
                         net (fo=0)                   0.000     0.000    FPGA_CLK_50MHZ
    B8                   IBUF (Prop_ibuf_I_O)         1.466     1.466 r  FPGA_CLK_50MHZ_IBUF_inst/O
                         net (fo=1, routed)           1.982     3.448    FPGA_CLK_50MHZ_IBUF
    BUFGCTRL_X0Y16       BUFG (Prop_bufg_I_O)         0.081     3.529 r  FPGA_CLK_50MHZ_IBUF_BUFG_inst/O
                         net (fo=291, routed)         1.604     5.133    FPGA_CLK_50MHZ_IBUF_BUFG
    SLICE_X7Y46          FDRE                                         r  rx_buf_len_reg[1]/C
  -------------------------------------------------------------------    -------------------
    SLICE_X7Y46          FDRE (Prop_fdre_C_Q)         0.379     5.512 r  rx_buf_len_reg[1]/Q
                         net (fo=12, routed)          1.219     6.730    rx_buf_len_reg_n_0_[1]
    SLICE_X10Y46         LUT4 (Prop_lut4_I3_O)        0.118     6.848 f  res_int[3]_i_14/O
                         net (fo=1, routed)           0.359     7.207    res_int[3]_i_14_n_0
    SLICE_X10Y46         LUT5 (Prop_lut5_I0_O)        0.264     7.471 f  res_int[3]_i_9/O
                         net (fo=20, routed)          0.598     8.069    res_int[3]_i_9_n_0
    SLICE_X9Y46          LUT2 (Prop_lut2_I1_O)        0.105     8.174 r  res_int[9]_i_65/O
                         net (fo=1, routed)           0.000     8.174    res_int[9]_i_65_n_0
    SLICE_X9Y46          CARRY4 (Prop_carry4_S[0]_O[2])
                                                      0.453     8.627 r  res_int_reg[9]_i_45/O[2]
                         net (fo=2, routed)           0.542     9.170    res_int_reg[9]_i_45_n_5
    SLICE_X8Y46          LUT2 (Prop_lut2_I1_O)        0.253     9.423 r  res_int[8]_i_33/O
                         net (fo=1, routed)           0.000     9.423    res_int[8]_i_33_n_0
    SLICE_X8Y46          CARRY4 (Prop_carry4_S[3]_O[3])
                                                      0.211     9.634 r  res_int_reg[8]_i_13/O[3]
                         net (fo=6, routed)           0.743    10.376    res_int_reg[8]_i_13_n_4
    SLICE_X11Y48         LUT3 (Prop_lut3_I1_O)        0.250    10.626 r  res_int[9]_i_53/O
                         net (fo=1, routed)           0.000    10.626    res_int[9]_i_53_n_0
    SLICE_X11Y48         CARRY4 (Prop_carry4_S[3]_CO[3])
                                                      0.332    10.958 r  res_int_reg[9]_i_35/CO[3]
                         net (fo=1, routed)           0.000    10.958    res_int_reg[9]_i_35_n_0
    SLICE_X11Y49         CARRY4 (Prop_carry4_CI_O[0])
                                                      0.180    11.138 r  res_int_reg[9]_i_17/O[0]
                         net (fo=4, routed)           0.353    11.491    res_int_reg[9]_i_17_n_7
    SLICE_X10Y49         LUT4 (Prop_lut4_I1_O)        0.249    11.740 r  res_int[8]_i_11/O
                         net (fo=1, routed)           0.000    11.740    res_int[8]_i_11_n_0
    SLICE_X10Y49         CARRY4 (Prop_carry4_S[1]_O[3])
                                                      0.534    12.274 r  res_int_reg[8]_i_2/O[3]
                         net (fo=4, routed)           0.475    12.749    res_int_reg[8]_i_2_n_4
    SLICE_X10Y51         LUT4 (Prop_lut4_I0_O)        0.250    12.999 r  res_int[9]_i_28/O
                         net (fo=1, routed)           0.401    13.400    res_int[9]_i_28_n_0
    SLICE_X9Y49          CARRY4 (Prop_carry4_DI[3]_CO[3])
                                                      0.318    13.718 r  res_int_reg[9]_i_12/CO[3]
                         net (fo=1, routed)           0.001    13.719    res_int_reg[9]_i_12_n_0
    SLICE_X9Y50          CARRY4 (Prop_carry4_CI_O[0])
                                                      0.180    13.899 r  res_int_reg[9]_i_34/O[0]
                         net (fo=2, routed)           0.575    14.473    res_int_reg[9]_i_34_n_7
    SLICE_X8Y51          LUT2 (Prop_lut2_I1_O)        0.249    14.722 r  res_int[9]_i_14/O
                         net (fo=1, routed)           0.000    14.722    res_int[9]_i_14_n_0
    SLICE_X8Y51          CARRY4 (Prop_carry4_S[1]_O[2])
                                                      0.480    15.202 r  res_int_reg[9]_i_5/O[2]
                         net (fo=2, routed)           0.399    15.601    res_int_reg[9]_i_5_n_5
    SLICE_X11Y51         LUT6 (Prop_lut6_I0_O)        0.244    15.845 r  res_int[4]_i_3/O
                         net (fo=1, routed)           0.414    16.259    res_int[4]_i_3_n_0
    SLICE_X10Y51         LUT6 (Prop_lut6_I0_O)        0.105    16.364 r  res_int[4]_i_2/O
                         net (fo=2, routed)           0.348    16.712    temp_val__0[4]
    SLICE_X9Y51          LUT6 (Prop_lut6_I4_O)        0.105    16.817 r  channel_sel[3]_i_1/O
                         net (fo=4, routed)           0.492    17.310    channel_sel[3]_i_1_n_0
    SLICE_X8Y51          FDSE                                         r  channel_sel_reg[2]/S
  -------------------------------------------------------------------    -------------------

                         (clock FPGA_CLK_50MHZ rise edge)
                                                     20.000    20.000 r  
    B8                                                0.000    20.000 r  FPGA_CLK_50MHZ (IN)
                         net (fo=0)                   0.000    20.000    FPGA_CLK_50MHZ
    B8                   IBUF (Prop_ibuf_I_O)         1.399    21.399 r  FPGA_CLK_50MHZ_IBUF_inst/O
                         net (fo=1, routed)           1.880    23.279    FPGA_CLK_50MHZ_IBUF
    BUFGCTRL_X0Y16       BUFG (Prop_bufg_I_O)         0.077    23.356 r  FPGA_CLK_50MHZ_IBUF_BUFG_inst/O
                         net (fo=291, routed)         1.280    24.636    FPGA_CLK_50MHZ_IBUF_BUFG
    SLICE_X8Y51          FDSE                                         r  channel_sel_reg[2]/C
                         clock pessimism              0.179    24.815    
                         clock uncertainty           -0.035    24.780    
    SLICE_X8Y51          FDSE (Setup_fdse_C_S)       -0.423    24.357    channel_sel_reg[2]
  -------------------------------------------------------------------
                         required time                         24.357    
                         arrival time                         -17.310    
  -------------------------------------------------------------------
                         slack                                  7.047    

Slack (MET) :             7.047ns  (required time - arrival time)
  Source:                 rx_buf_len_reg[1]/C
                            (rising edge-triggered cell FDRE clocked by FPGA_CLK_50MHZ  {rise@0.000ns fall@10.000ns period=20.000ns})
  Destination:            channel_sel_reg[3]/S
                            (rising edge-triggered cell FDSE clocked by FPGA_CLK_50MHZ  {rise@0.000ns fall@10.000ns period=20.000ns})
  Path Group:             FPGA_CLK_50MHZ
  Path Type:              Setup (Max at Slow Process Corner)
  Requirement:            20.000ns  (FPGA_CLK_50MHZ rise@20.000ns - FPGA_CLK_50MHZ rise@0.000ns)
  Data Path Delay:        12.177ns  (logic 5.259ns (43.188%)  route 6.918ns (56.812%))
  Logic Levels:           19  (CARRY4=8 LUT2=3 LUT3=1 LUT4=3 LUT5=1 LUT6=3)
  Clock Path Skew:        -0.317ns (DCD - SCD + CPR)
    Destination Clock Delay (DCD):    4.636ns = ( 24.636 - 20.000 ) 
    Source Clock Delay      (SCD):    5.133ns
    Clock Pessimism Removal (CPR):    0.179ns
  Clock Uncertainty:      0.035ns  ((TSJ^2 + TIJ^2)^1/2 + DJ) / 2 + PE
    Total System Jitter     (TSJ):    0.071ns
    Total Input Jitter      (TIJ):    0.000ns
    Discrete Jitter          (DJ):    0.000ns
    Phase Error              (PE):    0.000ns

    Location             Delay type                Incr(ns)  Path(ns)    Netlist Resource(s)
  -------------------------------------------------------------------    -------------------
                         (clock FPGA_CLK_50MHZ rise edge)
                                                      0.000     0.000 r  
    B8                                                0.000     0.000 r  FPGA_CLK_50MHZ (IN)
                         net (fo=0)                   0.000     0.000    FPGA_CLK_50MHZ
    B8                   IBUF (Prop_ibuf_I_O)         1.466     1.466 r  FPGA_CLK_50MHZ_IBUF_inst/O
                         net (fo=1, routed)           1.982     3.448    FPGA_CLK_50MHZ_IBUF
    BUFGCTRL_X0Y16       BUFG (Prop_bufg_I_O)         0.081     3.529 r  FPGA_CLK_50MHZ_IBUF_BUFG_inst/O
                         net (fo=291, routed)         1.604     5.133    FPGA_CLK_50MHZ_IBUF_BUFG
    SLICE_X7Y46          FDRE                                         r  rx_buf_len_reg[1]/C
  -------------------------------------------------------------------    -------------------
    SLICE_X7Y46          FDRE (Prop_fdre_C_Q)         0.379     5.512 r  rx_buf_len_reg[1]/Q
                         net (fo=12, routed)          1.219     6.730    rx_buf_len_reg_n_0_[1]
    SLICE_X10Y46         LUT4 (Prop_lut4_I3_O)        0.118     6.848 f  res_int[3]_i_14/O
                         net (fo=1, routed)           0.359     7.207    res_int[3]_i_14_n_0
    SLICE_X10Y46         LUT5 (Prop_lut5_I0_O)        0.264     7.471 f  res_int[3]_i_9/O
                         net (fo=20, routed)          0.598     8.069    res_int[3]_i_9_n_0
    SLICE_X9Y46          LUT2 (Prop_lut2_I1_O)        0.105     8.174 r  res_int[9]_i_65/O
                         net (fo=1, routed)           0.000     8.174    res_int[9]_i_65_n_0
    SLICE_X9Y46          CARRY4 (Prop_carry4_S[0]_O[2])
                                                      0.453     8.627 r  res_int_reg[9]_i_45/O[2]
                         net (fo=2, routed)           0.542     9.170    res_int_reg[9]_i_45_n_5
    SLICE_X8Y46          LUT2 (Prop_lut2_I1_O)        0.253     9.423 r  res_int[8]_i_33/O
                         net (fo=1, routed)           0.000     9.423    res_int[8]_i_33_n_0
    SLICE_X8Y46          CARRY4 (Prop_carry4_S[3]_O[3])
                                                      0.211     9.634 r  res_int_reg[8]_i_13/O[3]
                         net (fo=6, routed)           0.743    10.376    res_int_reg[8]_i_13_n_4
    SLICE_X11Y48         LUT3 (Prop_lut3_I1_O)        0.250    10.626 r  res_int[9]_i_53/O
                         net (fo=1, routed)           0.000    10.626    res_int[9]_i_53_n_0
    SLICE_X11Y48         CARRY4 (Prop_carry4_S[3]_CO[3])
                                                      0.332    10.958 r  res_int_reg[9]_i_35/CO[3]
                         net (fo=1, routed)           0.000    10.958    res_int_reg[9]_i_35_n_0
    SLICE_X11Y49         CARRY4 (Prop_carry4_CI_O[0])
                                                      0.180    11.138 r  res_int_reg[9]_i_17/O[0]
                         net (fo=4, routed)           0.353    11.491    res_int_reg[9]_i_17_n_7
    SLICE_X10Y49         LUT4 (Prop_lut4_I1_O)        0.249    11.740 r  res_int[8]_i_11/O
                         net (fo=1, routed)           0.000    11.740    res_int[8]_i_11_n_0
    SLICE_X10Y49         CARRY4 (Prop_carry4_S[1]_O[3])
                                                      0.534    12.274 r  res_int_reg[8]_i_2/O[3]
                         net (fo=4, routed)           0.475    12.749    res_int_reg[8]_i_2_n_4
    SLICE_X10Y51         LUT4 (Prop_lut4_I0_O)        0.250    12.999 r  res_int[9]_i_28/O
                         net (fo=1, routed)           0.401    13.400    res_int[9]_i_28_n_0
    SLICE_X9Y49          CARRY4 (Prop_carry4_DI[3]_CO[3])
                                                      0.318    13.718 r  res_int_reg[9]_i_12/CO[3]
                         net (fo=1, routed)           0.001    13.719    res_int_reg[9]_i_12_n_0
    SLICE_X9Y50          CARRY4 (Prop_carry4_CI_O[0])
                                                      0.180    13.899 r  res_int_reg[9]_i_34/O[0]
                         net (fo=2, routed)           0.575    14.473    res_int_reg[9]_i_34_n_7
    SLICE_X8Y51          LUT2 (Prop_lut2_I1_O)        0.249    14.722 r  res_int[9]_i_14/O
                         net (fo=1, routed)           0.000    14.722    res_int[9]_i_14_n_0
    SLICE_X8Y51          CARRY4 (Prop_carry4_S[1]_O[2])
                                                      0.480    15.202 r  res_int_reg[9]_i_5/O[2]
                         net (fo=2, routed)           0.399    15.601    res_int_reg[9]_i_5_n_5
    SLICE_X11Y51         LUT6 (Prop_lut6_I0_O)        0.244    15.845 r  res_int[4]_i_3/O
                         net (fo=1, routed)           0.414    16.259    res_int[4]_i_3_n_0
    SLICE_X10Y51         LUT6 (Prop_lut6_I0_O)        0.105    16.364 r  res_int[4]_i_2/O
                         net (fo=2, routed)           0.348    16.712    temp_val__0[4]
    SLICE_X9Y51          LUT6 (Prop_lut6_I4_O)        0.105    16.817 r  channel_sel[3]_i_1/O
                         net (fo=4, routed)           0.492    17.310    channel_sel[3]_i_1_n_0
    SLICE_X8Y51          FDSE                                         r  channel_sel_reg[3]/S
  -------------------------------------------------------------------    -------------------

                         (clock FPGA_CLK_50MHZ rise edge)
                                                     20.000    20.000 r  
    B8                                                0.000    20.000 r  FPGA_CLK_50MHZ (IN)
                         net (fo=0)                   0.000    20.000    FPGA_CLK_50MHZ
    B8                   IBUF (Prop_ibuf_I_O)         1.399    21.399 r  FPGA_CLK_50MHZ_IBUF_inst/O
                         net (fo=1, routed)           1.880    23.279    FPGA_CLK_50MHZ_IBUF
    BUFGCTRL_X0Y16       BUFG (Prop_bufg_I_O)         0.077    23.356 r  FPGA_CLK_50MHZ_IBUF_BUFG_inst/O
                         net (fo=291, routed)         1.280    24.636    FPGA_CLK_50MHZ_IBUF_BUFG
    SLICE_X8Y51          FDSE                                         r  channel_sel_reg[3]/C
                         clock pessimism              0.179    24.815    
                         clock uncertainty           -0.035    24.780    
    SLICE_X8Y51          FDSE (Setup_fdse_C_S)       -0.423    24.357    channel_sel_reg[3]
  -------------------------------------------------------------------
                         required time                         24.357    
                         arrival time                         -17.310    
  -------------------------------------------------------------------
                         slack                                  7.047    

Slack (MET) :             7.866ns  (required time - arrival time)
  Source:                 rx_buf_len_reg[1]/C
                            (rising edge-triggered cell FDRE clocked by FPGA_CLK_50MHZ  {rise@0.000ns fall@10.000ns period=20.000ns})
  Destination:            res_int_reg[4]/D
                            (rising edge-triggered cell FDRE clocked by FPGA_CLK_50MHZ  {rise@0.000ns fall@10.000ns period=20.000ns})
  Path Group:             FPGA_CLK_50MHZ
  Path Type:              Setup (Max at Slow Process Corner)
  Requirement:            20.000ns  (FPGA_CLK_50MHZ rise@20.000ns - FPGA_CLK_50MHZ rise@0.000ns)
  Data Path Delay:        11.879ns  (logic 5.259ns (44.273%)  route 6.620ns (55.727%))
  Logic Levels:           19  (CARRY4=8 LUT2=3 LUT3=2 LUT4=3 LUT5=1 LUT6=2)
  Clock Path Skew:        -0.250ns (DCD - SCD + CPR)
    Destination Clock Delay (DCD):    4.703ns = ( 24.703 - 20.000 ) 
    Source Clock Delay      (SCD):    5.133ns
    Clock Pessimism Removal (CPR):    0.179ns
  Clock Uncertainty:      0.035ns  ((TSJ^2 + TIJ^2)^1/2 + DJ) / 2 + PE
    Total System Jitter     (TSJ):    0.071ns
    Total Input Jitter      (TIJ):    0.000ns
    Discrete Jitter          (DJ):    0.000ns
    Phase Error              (PE):    0.000ns

    Location             Delay type                Incr(ns)  Path(ns)    Netlist Resource(s)
  -------------------------------------------------------------------    -------------------
                         (clock FPGA_CLK_50MHZ rise edge)
                                                      0.000     0.000 r  
    B8                                                0.000     0.000 r  FPGA_CLK_50MHZ (IN)
                         net (fo=0)                   0.000     0.000    FPGA_CLK_50MHZ
    B8                   IBUF (Prop_ibuf_I_O)         1.466     1.466 r  FPGA_CLK_50MHZ_IBUF_inst/O
                         net (fo=1, routed)           1.982     3.448    FPGA_CLK_50MHZ_IBUF
    BUFGCTRL_X0Y16       BUFG (Prop_bufg_I_O)         0.081     3.529 r  FPGA_CLK_50MHZ_IBUF_BUFG_inst/O
                         net (fo=291, routed)         1.604     5.133    FPGA_CLK_50MHZ_IBUF_BUFG
    SLICE_X7Y46          FDRE                                         r  rx_buf_len_reg[1]/C
  -------------------------------------------------------------------    -------------------
    SLICE_X7Y46          FDRE (Prop_fdre_C_Q)         0.379     5.512 r  rx_buf_len_reg[1]/Q
                         net (fo=12, routed)          1.219     6.730    rx_buf_len_reg_n_0_[1]
    SLICE_X10Y46         LUT4 (Prop_lut4_I3_O)        0.118     6.848 f  res_int[3]_i_14/O
                         net (fo=1, routed)           0.359     7.207    res_int[3]_i_14_n_0
    SLICE_X10Y46         LUT5 (Prop_lut5_I0_O)        0.264     7.471 f  res_int[3]_i_9/O
                         net (fo=20, routed)          0.598     8.069    res_int[3]_i_9_n_0
    SLICE_X9Y46          LUT2 (Prop_lut2_I1_O)        0.105     8.174 r  res_int[9]_i_65/O
                         net (fo=1, routed)           0.000     8.174    res_int[9]_i_65_n_0
    SLICE_X9Y46          CARRY4 (Prop_carry4_S[0]_O[2])
                                                      0.453     8.627 r  res_int_reg[9]_i_45/O[2]
                         net (fo=2, routed)           0.542     9.170    res_int_reg[9]_i_45_n_5
    SLICE_X8Y46          LUT2 (Prop_lut2_I1_O)        0.253     9.423 r  res_int[8]_i_33/O
                         net (fo=1, routed)           0.000     9.423    res_int[8]_i_33_n_0
    SLICE_X8Y46          CARRY4 (Prop_carry4_S[3]_O[3])
                                                      0.211     9.634 r  res_int_reg[8]_i_13/O[3]
                         net (fo=6, routed)           0.743    10.376    res_int_reg[8]_i_13_n_4
    SLICE_X11Y48         LUT3 (Prop_lut3_I1_O)        0.250    10.626 r  res_int[9]_i_53/O
                         net (fo=1, routed)           0.000    10.626    res_int[9]_i_53_n_0
    SLICE_X11Y48         CARRY4 (Prop_carry4_S[3]_CO[3])
                                                      0.332    10.958 r  res_int_reg[9]_i_35/CO[3]
                         net (fo=1, routed)           0.000    10.958    res_int_reg[9]_i_35_n_0
    SLICE_X11Y49         CARRY4 (Prop_carry4_CI_O[0])
                                                      0.180    11.138 r  res_int_reg[9]_i_17/O[0]
                         net (fo=4, routed)           0.353    11.491    res_int_reg[9]_i_17_n_7
    SLICE_X10Y49         LUT4 (Prop_lut4_I1_O)        0.249    11.740 r  res_int[8]_i_11/O
                         net (fo=1, routed)           0.000    11.740    res_int[8]_i_11_n_0
    SLICE_X10Y49         CARRY4 (Prop_carry4_S[1]_O[3])
                                                      0.534    12.274 r  res_int_reg[8]_i_2/O[3]
                         net (fo=4, routed)           0.475    12.749    res_int_reg[8]_i_2_n_4
    SLICE_X10Y51         LUT4 (Prop_lut4_I0_O)        0.250    12.999 r  res_int[9]_i_28/O
                         net (fo=1, routed)           0.401    13.400    res_int[9]_i_28_n_0
    SLICE_X9Y49          CARRY4 (Prop_carry4_DI[3]_CO[3])
                                                      0.318    13.718 r  res_int_reg[9]_i_12/CO[3]
                         net (fo=1, routed)           0.001    13.719    res_int_reg[9]_i_12_n_0
    SLICE_X9Y50          CARRY4 (Prop_carry4_CI_O[0])
                                                      0.180    13.899 r  res_int_reg[9]_i_34/O[0]
                         net (fo=2, routed)           0.575    14.473    res_int_reg[9]_i_34_n_7
    SLICE_X8Y51          LUT2 (Prop_lut2_I1_O)        0.249    14.722 r  res_int[9]_i_14/O
                         net (fo=1, routed)           0.000    14.722    res_int[9]_i_14_n_0
    SLICE_X8Y51          CARRY4 (Prop_carry4_S[1]_O[2])
                                                      0.480    15.202 r  res_int_reg[9]_i_5/O[2]
                         net (fo=2, routed)           0.399    15.601    res_int_reg[9]_i_5_n_5
    SLICE_X11Y51         LUT6 (Prop_lut6_I0_O)        0.244    15.845 r  res_int[4]_i_3/O
                         net (fo=1, routed)           0.414    16.259    res_int[4]_i_3_n_0
    SLICE_X10Y51         LUT6 (Prop_lut6_I0_O)        0.105    16.364 r  res_int[4]_i_2/O
                         net (fo=2, routed)           0.542    16.906    temp_val__0[4]
    SLICE_X7Y51          LUT3 (Prop_lut3_I0_O)        0.105    17.011 r  res_int[4]_i_1/O
                         net (fo=1, routed)           0.000    17.011    res_int[4]_i_1_n_0
    SLICE_X7Y51          FDRE                                         r  res_int_reg[4]/D
  -------------------------------------------------------------------    -------------------

                         (clock FPGA_CLK_50MHZ rise edge)
                                                     20.000    20.000 r  
    B8                                                0.000    20.000 r  FPGA_CLK_50MHZ (IN)
                         net (fo=0)                   0.000    20.000    FPGA_CLK_50MHZ
    B8                   IBUF (Prop_ibuf_I_O)         1.399    21.399 r  FPGA_CLK_50MHZ_IBUF_inst/O
                         net (fo=1, routed)           1.880    23.279    FPGA_CLK_50MHZ_IBUF
    BUFGCTRL_X0Y16       BUFG (Prop_bufg_I_O)         0.077    23.356 r  FPGA_CLK_50MHZ_IBUF_BUFG_inst/O
                         net (fo=291, routed)         1.347    24.703    FPGA_CLK_50MHZ_IBUF_BUFG
    SLICE_X7Y51          FDRE                                         r  res_int_reg[4]/C
                         clock pessimism              0.179    24.882    
                         clock uncertainty           -0.035    24.847    
    SLICE_X7Y51          FDRE (Setup_fdre_C_D)        0.030    24.877    res_int_reg[4]
  -------------------------------------------------------------------
                         required time                         24.877    
                         arrival time                         -17.011    
  -------------------------------------------------------------------
                         slack                                  7.866    

Slack (MET) :             8.038ns  (required time - arrival time)
  Source:                 rx_buf_len_reg[1]/C
                            (rising edge-triggered cell FDRE clocked by FPGA_CLK_50MHZ  {rise@0.000ns fall@10.000ns period=20.000ns})
  Destination:            res_int_reg[0]/S
                            (rising edge-triggered cell FDSE clocked by FPGA_CLK_50MHZ  {rise@0.000ns fall@10.000ns period=20.000ns})
  Path Group:             FPGA_CLK_50MHZ
  Path Type:              Setup (Max at Slow Process Corner)
  Requirement:            20.000ns  (FPGA_CLK_50MHZ rise@20.000ns - FPGA_CLK_50MHZ rise@0.000ns)
  Data Path Delay:        11.257ns  (logic 5.049ns (44.850%)  route 6.208ns (55.150%))
  Logic Levels:           17  (CARRY4=8 LUT2=3 LUT3=1 LUT4=3 LUT5=1 LUT6=1)
  Clock Path Skew:        -0.317ns (DCD - SCD + CPR)
    Destination Clock Delay (DCD):    4.636ns = ( 24.636 - 20.000 ) 
    Source Clock Delay      (SCD):    5.133ns
    Clock Pessimism Removal (CPR):    0.179ns
  Clock Uncertainty:      0.035ns  ((TSJ^2 + TIJ^2)^1/2 + DJ) / 2 + PE
    Total System Jitter     (TSJ):    0.071ns
    Total Input Jitter      (TIJ):    0.000ns
    Discrete Jitter          (DJ):    0.000ns
    Phase Error              (PE):    0.000ns

    Location             Delay type                Incr(ns)  Path(ns)    Netlist Resource(s)
  -------------------------------------------------------------------    -------------------
                         (clock FPGA_CLK_50MHZ rise edge)
                                                      0.000     0.000 r  
    B8                                                0.000     0.000 r  FPGA_CLK_50MHZ (IN)
                         net (fo=0)                   0.000     0.000    FPGA_CLK_50MHZ
    B8                   IBUF (Prop_ibuf_I_O)         1.466     1.466 r  FPGA_CLK_50MHZ_IBUF_inst/O
                         net (fo=1, routed)           1.982     3.448    FPGA_CLK_50MHZ_IBUF
    BUFGCTRL_X0Y16       BUFG (Prop_bufg_I_O)         0.081     3.529 r  FPGA_CLK_50MHZ_IBUF_BUFG_inst/O
                         net (fo=291, routed)         1.604     5.133    FPGA_CLK_50MHZ_IBUF_BUFG
    SLICE_X7Y46          FDRE                                         r  rx_buf_len_reg[1]/C
  -------------------------------------------------------------------    -------------------
    SLICE_X7Y46          FDRE (Prop_fdre_C_Q)         0.379     5.512 r  rx_buf_len_reg[1]/Q
                         net (fo=12, routed)          1.219     6.730    rx_buf_len_reg_n_0_[1]
    SLICE_X10Y46         LUT4 (Prop_lut4_I3_O)        0.118     6.848 f  res_int[3]_i_14/O
                         net (fo=1, routed)           0.359     7.207    res_int[3]_i_14_n_0
    SLICE_X10Y46         LUT5 (Prop_lut5_I0_O)        0.264     7.471 f  res_int[3]_i_9/O
                         net (fo=20, routed)          0.598     8.069    res_int[3]_i_9_n_0
    SLICE_X9Y46          LUT2 (Prop_lut2_I1_O)        0.105     8.174 r  res_int[9]_i_65/O
                         net (fo=1, routed)           0.000     8.174    res_int[9]_i_65_n_0
    SLICE_X9Y46          CARRY4 (Prop_carry4_S[0]_O[2])
                                                      0.453     8.627 r  res_int_reg[9]_i_45/O[2]
                         net (fo=2, routed)           0.542     9.170    res_int_reg[9]_i_45_n_5
    SLICE_X8Y46          LUT2 (Prop_lut2_I1_O)        0.253     9.423 r  res_int[8]_i_33/O
                         net (fo=1, routed)           0.000     9.423    res_int[8]_i_33_n_0
    SLICE_X8Y46          CARRY4 (Prop_carry4_S[3]_O[3])
                                                      0.211     9.634 r  res_int_reg[8]_i_13/O[3]
                         net (fo=6, routed)           0.743    10.376    res_int_reg[8]_i_13_n_4
    SLICE_X11Y48         LUT3 (Prop_lut3_I1_O)        0.250    10.626 r  res_int[9]_i_53/O
                         net (fo=1, routed)           0.000    10.626    res_int[9]_i_53_n_0
    SLICE_X11Y48         CARRY4 (Prop_carry4_S[3]_CO[3])
                                                      0.332    10.958 r  res_int_reg[9]_i_35/CO[3]
                         net (fo=1, routed)           0.000    10.958    res_int_reg[9]_i_35_n_0
    SLICE_X11Y49         CARRY4 (Prop_carry4_CI_O[0])
                                                      0.180    11.138 r  res_int_reg[9]_i_17/O[0]
                         net (fo=4, routed)           0.353    11.491    res_int_reg[9]_i_17_n_7
    SLICE_X10Y49         LUT4 (Prop_lut4_I1_O)        0.249    11.740 r  res_int[8]_i_11/O
                         net (fo=1, routed)           0.000    11.740    res_int[8]_i_11_n_0
    SLICE_X10Y49         CARRY4 (Prop_carry4_S[1]_O[3])
                                                      0.534    12.274 r  res_int_reg[8]_i_2/O[3]
                         net (fo=4, routed)           0.475    12.749    res_int_reg[8]_i_2_n_4
    SLICE_X10Y51         LUT4 (Prop_lut4_I0_O)        0.250    12.999 r  res_int[9]_i_28/O
                         net (fo=1, routed)           0.401    13.400    res_int[9]_i_28_n_0
    SLICE_X9Y49          CARRY4 (Prop_carry4_DI[3]_CO[3])
                                                      0.318    13.718 r  res_int_reg[9]_i_12/CO[3]
                         net (fo=1, routed)           0.001    13.719    res_int_reg[9]_i_12_n_0
    SLICE_X9Y50          CARRY4 (Prop_carry4_CI_O[0])
                                                      0.180    13.899 r  res_int_reg[9]_i_34/O[0]
                         net (fo=2, routed)           0.575    14.473    res_int_reg[9]_i_34_n_7
    SLICE_X8Y51          LUT2 (Prop_lut2_I1_O)        0.249    14.722 r  res_int[9]_i_14/O
                         net (fo=1, routed)           0.000    14.722    res_int[9]_i_14_n_0
    SLICE_X8Y51          CARRY4 (Prop_carry4_S[1]_O[2])
                                                      0.480    15.202 r  res_int_reg[9]_i_5/O[2]
                         net (fo=2, routed)           0.483    15.685    res_int_reg[9]_i_5_n_5
    SLICE_X11Y51         LUT6 (Prop_lut6_I4_O)        0.244    15.929 r  res_int[9]_i_1/O
                         net (fo=9, routed)           0.461    16.390    res_int[9]_i_1_n_0
    SLICE_X9Y50          FDSE                                         r  res_int_reg[0]/S
  -------------------------------------------------------------------    -------------------

                         (clock FPGA_CLK_50MHZ rise edge)
                                                     20.000    20.000 r  
    B8                                                0.000    20.000 r  FPGA_CLK_50MHZ (IN)
                         net (fo=0)                   0.000    20.000    FPGA_CLK_50MHZ
    B8                   IBUF (Prop_ibuf_I_O)         1.399    21.399 r  FPGA_CLK_50MHZ_IBUF_inst/O
                         net (fo=1, routed)           1.880    23.279    FPGA_CLK_50MHZ_IBUF
    BUFGCTRL_X0Y16       BUFG (Prop_bufg_I_O)         0.077    23.356 r  FPGA_CLK_50MHZ_IBUF_BUFG_inst/O
                         net (fo=291, routed)         1.280    24.636    FPGA_CLK_50MHZ_IBUF_BUFG
    SLICE_X9Y50          FDSE                                         r  res_int_reg[0]/C
                         clock pessimism              0.179    24.815    
                         clock uncertainty           -0.035    24.780    
    SLICE_X9Y50          FDSE (Setup_fdse_C_S)       -0.352    24.428    res_int_reg[0]
  -------------------------------------------------------------------
                         required time                         24.428    
                         arrival time                         -16.390    
  -------------------------------------------------------------------
                         slack                                  8.038    

Slack (MET) :             8.096ns  (required time - arrival time)
  Source:                 rx_buf_len_reg[1]/C
                            (rising edge-triggered cell FDRE clocked by FPGA_CLK_50MHZ  {rise@0.000ns fall@10.000ns period=20.000ns})
  Destination:            res_int_reg[3]/S
                            (rising edge-triggered cell FDSE clocked by FPGA_CLK_50MHZ  {rise@0.000ns fall@10.000ns period=20.000ns})
  Path Group:             FPGA_CLK_50MHZ
  Path Type:              Setup (Max at Slow Process Corner)
  Requirement:            20.000ns  (FPGA_CLK_50MHZ rise@20.000ns - FPGA_CLK_50MHZ rise@0.000ns)
  Data Path Delay:        11.128ns  (logic 5.049ns (45.371%)  route 6.079ns (54.629%))
  Logic Levels:           17  (CARRY4=8 LUT2=3 LUT3=1 LUT4=3 LUT5=1 LUT6=1)
  Clock Path Skew:        -0.317ns (DCD - SCD + CPR)
    Destination Clock Delay (DCD):    4.636ns = ( 24.636 - 20.000 ) 
    Source Clock Delay      (SCD):    5.133ns
    Clock Pessimism Removal (CPR):    0.179ns
  Clock Uncertainty:      0.035ns  ((TSJ^2 + TIJ^2)^1/2 + DJ) / 2 + PE
    Total System Jitter     (TSJ):    0.071ns
    Total Input Jitter      (TIJ):    0.000ns
    Discrete Jitter          (DJ):    0.000ns
    Phase Error              (PE):    0.000ns

    Location             Delay type                Incr(ns)  Path(ns)    Netlist Resource(s)
  -------------------------------------------------------------------    -------------------
                         (clock FPGA_CLK_50MHZ rise edge)
                                                      0.000     0.000 r  
    B8                                                0.000     0.000 r  FPGA_CLK_50MHZ (IN)
                         net (fo=0)                   0.000     0.000    FPGA_CLK_50MHZ
    B8                   IBUF (Prop_ibuf_I_O)         1.466     1.466 r  FPGA_CLK_50MHZ_IBUF_inst/O
                         net (fo=1, routed)           1.982     3.448    FPGA_CLK_50MHZ_IBUF
    BUFGCTRL_X0Y16       BUFG (Prop_bufg_I_O)         0.081     3.529 r  FPGA_CLK_50MHZ_IBUF_BUFG_inst/O
                         net (fo=291, routed)         1.604     5.133    FPGA_CLK_50MHZ_IBUF_BUFG
    SLICE_X7Y46          FDRE                                         r  rx_buf_len_reg[1]/C
  -------------------------------------------------------------------    -------------------
    SLICE_X7Y46          FDRE (Prop_fdre_C_Q)         0.379     5.512 r  rx_buf_len_reg[1]/Q
                         net (fo=12, routed)          1.219     6.730    rx_buf_len_reg_n_0_[1]
    SLICE_X10Y46         LUT4 (Prop_lut4_I3_O)        0.118     6.848 f  res_int[3]_i_14/O
                         net (fo=1, routed)           0.359     7.207    res_int[3]_i_14_n_0
    SLICE_X10Y46         LUT5 (Prop_lut5_I0_O)        0.264     7.471 f  res_int[3]_i_9/O
                         net (fo=20, routed)          0.598     8.069    res_int[3]_i_9_n_0
    SLICE_X9Y46          LUT2 (Prop_lut2_I1_O)        0.105     8.174 r  res_int[9]_i_65/O
                         net (fo=1, routed)           0.000     8.174    res_int[9]_i_65_n_0
    SLICE_X9Y46          CARRY4 (Prop_carry4_S[0]_O[2])
                                                      0.453     8.627 r  res_int_reg[9]_i_45/O[2]
                         net (fo=2, routed)           0.542     9.170    res_int_reg[9]_i_45_n_5
    SLICE_X8Y46          LUT2 (Prop_lut2_I1_O)        0.253     9.423 r  res_int[8]_i_33/O
                         net (fo=1, routed)           0.000     9.423    res_int[8]_i_33_n_0
    SLICE_X8Y46          CARRY4 (Prop_carry4_S[3]_O[3])
                                                      0.211     9.634 r  res_int_reg[8]_i_13/O[3]
                         net (fo=6, routed)           0.743    10.376    res_int_reg[8]_i_13_n_4
    SLICE_X11Y48         LUT3 (Prop_lut3_I1_O)        0.250    10.626 r  res_int[9]_i_53/O
                         net (fo=1, routed)           0.000    10.626    res_int[9]_i_53_n_0
    SLICE_X11Y48         CARRY4 (Prop_carry4_S[3]_CO[3])
                                                      0.332    10.958 r  res_int_reg[9]_i_35/CO[3]
                         net (fo=1, routed)           0.000    10.958    res_int_reg[9]_i_35_n_0
    SLICE_X11Y49         CARRY4 (Prop_carry4_CI_O[0])
                                                      0.180    11.138 r  res_int_reg[9]_i_17/O[0]
                         net (fo=4, routed)           0.353    11.491    res_int_reg[9]_i_17_n_7
    SLICE_X10Y49         LUT4 (Prop_lut4_I1_O)        0.249    11.740 r  res_int[8]_i_11/O
                         net (fo=1, routed)           0.000    11.740    res_int[8]_i_11_n_0
    SLICE_X10Y49         CARRY4 (Prop_carry4_S[1]_O[3])
                                                      0.534    12.274 r  res_int_reg[8]_i_2/O[3]
                         net (fo=4, routed)           0.475    12.749    res_int_reg[8]_i_2_n_4
    SLICE_X10Y51         LUT4 (Prop_lut4_I0_O)        0.250    12.999 r  res_int[9]_i_28/O
                         net (fo=1, routed)           0.401    13.400    res_int[9]_i_28_n_0
    SLICE_X9Y49          CARRY4 (Prop_carry4_DI[3]_CO[3])
                                                      0.318    13.718 r  res_int_reg[9]_i_12/CO[3]
                         net (fo=1, routed)           0.001    13.719    res_int_reg[9]_i_12_n_0
    SLICE_X9Y50          CARRY4 (Prop_carry4_CI_O[0])
                                                      0.180    13.899 r  res_int_reg[9]_i_34/O[0]
                         net (fo=2, routed)           0.575    14.473    res_int_reg[9]_i_34_n_7
    SLICE_X8Y51          LUT2 (Prop_lut2_I1_O)        0.249    14.722 r  res_int[9]_i_14/O
                         net (fo=1, routed)           0.000    14.722    res_int[9]_i_14_n_0
    SLICE_X8Y51          CARRY4 (Prop_carry4_S[1]_O[2])
                                                      0.480    15.202 r  res_int_reg[9]_i_5/O[2]
                         net (fo=2, routed)           0.483    15.685    res_int_reg[9]_i_5_n_5
    SLICE_X11Y51         LUT6 (Prop_lut6_I4_O)        0.244    15.929 r  res_int[9]_i_1/O
                         net (fo=9, routed)           0.331    16.261    res_int[9]_i_1_n_0
    SLICE_X10Y51         FDSE                                         r  res_int_reg[3]/S
  -------------------------------------------------------------------    -------------------

                         (clock FPGA_CLK_50MHZ rise edge)
                                                     20.000    20.000 r  
    B8                                                0.000    20.000 r  FPGA_CLK_50MHZ (IN)
                         net (fo=0)                   0.000    20.000    FPGA_CLK_50MHZ
    B8                   IBUF (Prop_ibuf_I_O)         1.399    21.399 r  FPGA_CLK_50MHZ_IBUF_inst/O
                         net (fo=1, routed)           1.880    23.279    FPGA_CLK_50MHZ_IBUF
    BUFGCTRL_X0Y16       BUFG (Prop_bufg_I_O)         0.077    23.356 r  FPGA_CLK_50MHZ_IBUF_BUFG_inst/O
                         net (fo=291, routed)         1.280    24.636    FPGA_CLK_50MHZ_IBUF_BUFG
    SLICE_X10Y51         FDSE                                         r  res_int_reg[3]/C
                         clock pessimism              0.179    24.815    
                         clock uncertainty           -0.035    24.780    
    SLICE_X10Y51         FDSE (Setup_fdse_C_S)       -0.423    24.357    res_int_reg[3]
  -------------------------------------------------------------------
                         required time                         24.357    
                         arrival time                         -16.261    
  -------------------------------------------------------------------
                         slack                                  8.096    

Slack (MET) :             8.167ns  (required time - arrival time)
  Source:                 rx_buf_len_reg[1]/C
                            (rising edge-triggered cell FDRE clocked by FPGA_CLK_50MHZ  {rise@0.000ns fall@10.000ns period=20.000ns})
  Destination:            res_int_reg[7]/S
                            (rising edge-triggered cell FDSE clocked by FPGA_CLK_50MHZ  {rise@0.000ns fall@10.000ns period=20.000ns})
  Path Group:             FPGA_CLK_50MHZ
  Path Type:              Setup (Max at Slow Process Corner)
  Requirement:            20.000ns  (FPGA_CLK_50MHZ rise@20.000ns - FPGA_CLK_50MHZ rise@0.000ns)
  Data Path Delay:        11.128ns  (logic 5.049ns (45.371%)  route 6.079ns (54.629%))
  Logic Levels:           17  (CARRY4=8 LUT2=3 LUT3=1 LUT4=3 LUT5=1 LUT6=1)
  Clock Path Skew:        -0.317ns (DCD - SCD + CPR)
    Destination Clock Delay (DCD):    4.636ns = ( 24.636 - 20.000 ) 
    Source Clock Delay      (SCD):    5.133ns
    Clock Pessimism Removal (CPR):    0.179ns
  Clock Uncertainty:      0.035ns  ((TSJ^2 + TIJ^2)^1/2 + DJ) / 2 + PE
    Total System Jitter     (TSJ):    0.071ns
    Total Input Jitter      (TIJ):    0.000ns
    Discrete Jitter          (DJ):    0.000ns
    Phase Error              (PE):    0.000ns

    Location             Delay type                Incr(ns)  Path(ns)    Netlist Resource(s)
  -------------------------------------------------------------------    -------------------
                         (clock FPGA_CLK_50MHZ rise edge)
                                                      0.000     0.000 r  
    B8                                                0.000     0.000 r  FPGA_CLK_50MHZ (IN)
                         net (fo=0)                   0.000     0.000    FPGA_CLK_50MHZ
    B8                   IBUF (Prop_ibuf_I_O)         1.466     1.466 r  FPGA_CLK_50MHZ_IBUF_inst/O
                         net (fo=1, routed)           1.982     3.448    FPGA_CLK_50MHZ_IBUF
    BUFGCTRL_X0Y16       BUFG (Prop_bufg_I_O)         0.081     3.529 r  FPGA_CLK_50MHZ_IBUF_BUFG_inst/O
                         net (fo=291, routed)         1.604     5.133    FPGA_CLK_50MHZ_IBUF_BUFG
    SLICE_X7Y46          FDRE                                         r  rx_buf_len_reg[1]/C
  -------------------------------------------------------------------    -------------------
    SLICE_X7Y46          FDRE (Prop_fdre_C_Q)         0.379     5.512 r  rx_buf_len_reg[1]/Q
                         net (fo=12, routed)          1.219     6.730    rx_buf_len_reg_n_0_[1]
    SLICE_X10Y46         LUT4 (Prop_lut4_I3_O)        0.118     6.848 f  res_int[3]_i_14/O
                         net (fo=1, routed)           0.359     7.207    res_int[3]_i_14_n_0
    SLICE_X10Y46         LUT5 (Prop_lut5_I0_O)        0.264     7.471 f  res_int[3]_i_9/O
                         net (fo=20, routed)          0.598     8.069    res_int[3]_i_9_n_0
    SLICE_X9Y46          LUT2 (Prop_lut2_I1_O)        0.105     8.174 r  res_int[9]_i_65/O
                         net (fo=1, routed)           0.000     8.174    res_int[9]_i_65_n_0
    SLICE_X9Y46          CARRY4 (Prop_carry4_S[0]_O[2])
                                                      0.453     8.627 r  res_int_reg[9]_i_45/O[2]
                         net (fo=2, routed)           0.542     9.170    res_int_reg[9]_i_45_n_5
    SLICE_X8Y46          LUT2 (Prop_lut2_I1_O)        0.253     9.423 r  res_int[8]_i_33/O
                         net (fo=1, routed)           0.000     9.423    res_int[8]_i_33_n_0
    SLICE_X8Y46          CARRY4 (Prop_carry4_S[3]_O[3])
                                                      0.211     9.634 r  res_int_reg[8]_i_13/O[3]
                         net (fo=6, routed)           0.743    10.376    res_int_reg[8]_i_13_n_4
    SLICE_X11Y48         LUT3 (Prop_lut3_I1_O)        0.250    10.626 r  res_int[9]_i_53/O
                         net (fo=1, routed)           0.000    10.626    res_int[9]_i_53_n_0
    SLICE_X11Y48         CARRY4 (Prop_carry4_S[3]_CO[3])
                                                      0.332    10.958 r  res_int_reg[9]_i_35/CO[3]
                         net (fo=1, routed)           0.000    10.958    res_int_reg[9]_i_35_n_0
    SLICE_X11Y49         CARRY4 (Prop_carry4_CI_O[0])
                                                      0.180    11.138 r  res_int_reg[9]_i_17/O[0]
                         net (fo=4, routed)           0.353    11.491    res_int_reg[9]_i_17_n_7
    SLICE_X10Y49         LUT4 (Prop_lut4_I1_O)        0.249    11.740 r  res_int[8]_i_11/O
                         net (fo=1, routed)           0.000    11.740    res_int[8]_i_11_n_0
    SLICE_X10Y49         CARRY4 (Prop_carry4_S[1]_O[3])
                                                      0.534    12.274 r  res_int_reg[8]_i_2/O[3]
                         net (fo=4, routed)           0.475    12.749    res_int_reg[8]_i_2_n_4
    SLICE_X10Y51         LUT4 (Prop_lut4_I0_O)        0.250    12.999 r  res_int[9]_i_28/O
                         net (fo=1, routed)           0.401    13.400    res_int[9]_i_28_n_0
    SLICE_X9Y49          CARRY4 (Prop_carry4_DI[3]_CO[3])
                                                      0.318    13.718 r  res_int_reg[9]_i_12/CO[3]
                         net (fo=1, routed)           0.001    13.719    res_int_reg[9]_i_12_n_0
    SLICE_X9Y50          CARRY4 (Prop_carry4_CI_O[0])
                                                      0.180    13.899 r  res_int_reg[9]_i_34/O[0]
                         net (fo=2, routed)           0.575    14.473    res_int_reg[9]_i_34_n_7
    SLICE_X8Y51          LUT2 (Prop_lut2_I1_O)        0.249    14.722 r  res_int[9]_i_14/O
                         net (fo=1, routed)           0.000    14.722    res_int[9]_i_14_n_0
    SLICE_X8Y51          CARRY4 (Prop_carry4_S[1]_O[2])
                                                      0.480    15.202 r  res_int_reg[9]_i_5/O[2]
                         net (fo=2, routed)           0.483    15.685    res_int_reg[9]_i_5_n_5
    SLICE_X11Y51         LUT6 (Prop_lut6_I4_O)        0.244    15.929 r  res_int[9]_i_1/O
                         net (fo=9, routed)           0.331    16.261    res_int[9]_i_1_n_0
    SLICE_X11Y51         FDSE                                         r  res_int_reg[7]/S
  -------------------------------------------------------------------    -------------------

                         (clock FPGA_CLK_50MHZ rise edge)
                                                     20.000    20.000 r  
    B8                                                0.000    20.000 r  FPGA_CLK_50MHZ (IN)
                         net (fo=0)                   0.000    20.000    FPGA_CLK_50MHZ
    B8                   IBUF (Prop_ibuf_I_O)         1.399    21.399 r  FPGA_CLK_50MHZ_IBUF_inst/O
                         net (fo=1, routed)           1.880    23.279    FPGA_CLK_50MHZ_IBUF
    BUFGCTRL_X0Y16       BUFG (Prop_bufg_I_O)         0.077    23.356 r  FPGA_CLK_50MHZ_IBUF_BUFG_inst/O
                         net (fo=291, routed)         1.280    24.636    FPGA_CLK_50MHZ_IBUF_BUFG
    SLICE_X11Y51         FDSE                                         r  res_int_reg[7]/C
                         clock pessimism              0.179    24.815    
                         clock uncertainty           -0.035    24.780    
    SLICE_X11Y51         FDSE (Setup_fdse_C_S)       -0.352    24.428    res_int_reg[7]
  -------------------------------------------------------------------
                         required time                         24.428    
                         arrival time                         -16.261    
  -------------------------------------------------------------------
                         slack                                  8.167    

Slack (MET) :             8.190ns  (required time - arrival time)
  Source:                 rx_buf_len_reg[1]/C
                            (rising edge-triggered cell FDRE clocked by FPGA_CLK_50MHZ  {rise@0.000ns fall@10.000ns period=20.000ns})
  Destination:            res_int_reg[1]/S
                            (rising edge-triggered cell FDSE clocked by FPGA_CLK_50MHZ  {rise@0.000ns fall@10.000ns period=20.000ns})
  Path Group:             FPGA_CLK_50MHZ
  Path Type:              Setup (Max at Slow Process Corner)
  Requirement:            20.000ns  (FPGA_CLK_50MHZ rise@20.000ns - FPGA_CLK_50MHZ rise@0.000ns)
  Data Path Delay:        11.105ns  (logic 5.049ns (45.466%)  route 6.056ns (54.534%))
  Logic Levels:           17  (CARRY4=8 LUT2=3 LUT3=1 LUT4=3 LUT5=1 LUT6=1)
  Clock Path Skew:        -0.317ns (DCD - SCD + CPR)
    Destination Clock Delay (DCD):    4.636ns = ( 24.636 - 20.000 ) 
    Source Clock Delay      (SCD):    5.133ns
    Clock Pessimism Removal (CPR):    0.179ns
  Clock Uncertainty:      0.035ns  ((TSJ^2 + TIJ^2)^1/2 + DJ) / 2 + PE
    Total System Jitter     (TSJ):    0.071ns
    Total Input Jitter      (TIJ):    0.000ns
    Discrete Jitter          (DJ):    0.000ns
    Phase Error              (PE):    0.000ns

    Location             Delay type                Incr(ns)  Path(ns)    Netlist Resource(s)
  -------------------------------------------------------------------    -------------------
                         (clock FPGA_CLK_50MHZ rise edge)
                                                      0.000     0.000 r  
    B8                                                0.000     0.000 r  FPGA_CLK_50MHZ (IN)
                         net (fo=0)                   0.000     0.000    FPGA_CLK_50MHZ
    B8                   IBUF (Prop_ibuf_I_O)         1.466     1.466 r  FPGA_CLK_50MHZ_IBUF_inst/O
                         net (fo=1, routed)           1.982     3.448    FPGA_CLK_50MHZ_IBUF
    BUFGCTRL_X0Y16       BUFG (Prop_bufg_I_O)         0.081     3.529 r  FPGA_CLK_50MHZ_IBUF_BUFG_inst/O
                         net (fo=291, routed)         1.604     5.133    FPGA_CLK_50MHZ_IBUF_BUFG
    SLICE_X7Y46          FDRE                                         r  rx_buf_len_reg[1]/C
  -------------------------------------------------------------------    -------------------
    SLICE_X7Y46          FDRE (Prop_fdre_C_Q)         0.379     5.512 r  rx_buf_len_reg[1]/Q
                         net (fo=12, routed)          1.219     6.730    rx_buf_len_reg_n_0_[1]
    SLICE_X10Y46         LUT4 (Prop_lut4_I3_O)        0.118     6.848 f  res_int[3]_i_14/O
                         net (fo=1, routed)           0.359     7.207    res_int[3]_i_14_n_0
    SLICE_X10Y46         LUT5 (Prop_lut5_I0_O)        0.264     7.471 f  res_int[3]_i_9/O
                         net (fo=20, routed)          0.598     8.069    res_int[3]_i_9_n_0
    SLICE_X9Y46          LUT2 (Prop_lut2_I1_O)        0.105     8.174 r  res_int[9]_i_65/O
                         net (fo=1, routed)           0.000     8.174    res_int[9]_i_65_n_0
    SLICE_X9Y46          CARRY4 (Prop_carry4_S[0]_O[2])
                                                      0.453     8.627 r  res_int_reg[9]_i_45/O[2]
                         net (fo=2, routed)           0.542     9.170    res_int_reg[9]_i_45_n_5
    SLICE_X8Y46          LUT2 (Prop_lut2_I1_O)        0.253     9.423 r  res_int[8]_i_33/O
                         net (fo=1, routed)           0.000     9.423    res_int[8]_i_33_n_0
    SLICE_X8Y46          CARRY4 (Prop_carry4_S[3]_O[3])
                                                      0.211     9.634 r  res_int_reg[8]_i_13/O[3]
                         net (fo=6, routed)           0.743    10.376    res_int_reg[8]_i_13_n_4
    SLICE_X11Y48         LUT3 (Prop_lut3_I1_O)        0.250    10.626 r  res_int[9]_i_53/O
                         net (fo=1, routed)           0.000    10.626    res_int[9]_i_53_n_0
    SLICE_X11Y48         CARRY4 (Prop_carry4_S[3]_CO[3])
                                                      0.332    10.958 r  res_int_reg[9]_i_35/CO[3]
                         net (fo=1, routed)           0.000    10.958    res_int_reg[9]_i_35_n_0
    SLICE_X11Y49         CARRY4 (Prop_carry4_CI_O[0])
                                                      0.180    11.138 r  res_int_reg[9]_i_17/O[0]
                         net (fo=4, routed)           0.353    11.491    res_int_reg[9]_i_17_n_7
    SLICE_X10Y49         LUT4 (Prop_lut4_I1_O)        0.249    11.740 r  res_int[8]_i_11/O
                         net (fo=1, routed)           0.000    11.740    res_int[8]_i_11_n_0
    SLICE_X10Y49         CARRY4 (Prop_carry4_S[1]_O[3])
                                                      0.534    12.274 r  res_int_reg[8]_i_2/O[3]
                         net (fo=4, routed)           0.475    12.749    res_int_reg[8]_i_2_n_4
    SLICE_X10Y51         LUT4 (Prop_lut4_I0_O)        0.250    12.999 r  res_int[9]_i_28/O
                         net (fo=1, routed)           0.401    13.400    res_int[9]_i_28_n_0
    SLICE_X9Y49          CARRY4 (Prop_carry4_DI[3]_CO[3])
                                                      0.318    13.718 r  res_int_reg[9]_i_12/CO[3]
                         net (fo=1, routed)           0.001    13.719    res_int_reg[9]_i_12_n_0
    SLICE_X9Y50          CARRY4 (Prop_carry4_CI_O[0])
                                                      0.180    13.899 r  res_int_reg[9]_i_34/O[0]
                         net (fo=2, routed)           0.575    14.473    res_int_reg[9]_i_34_n_7
    SLICE_X8Y51          LUT2 (Prop_lut2_I1_O)        0.249    14.722 r  res_int[9]_i_14/O
                         net (fo=1, routed)           0.000    14.722    res_int[9]_i_14_n_0
    SLICE_X8Y51          CARRY4 (Prop_carry4_S[1]_O[2])
                                                      0.480    15.202 r  res_int_reg[9]_i_5/O[2]
                         net (fo=2, routed)           0.483    15.685    res_int_reg[9]_i_5_n_5
    SLICE_X11Y51         LUT6 (Prop_lut6_I4_O)        0.244    15.929 r  res_int[9]_i_1/O
                         net (fo=9, routed)           0.308    16.238    res_int[9]_i_1_n_0
    SLICE_X9Y51          FDSE                                         r  res_int_reg[1]/S
  -------------------------------------------------------------------    -------------------

                         (clock FPGA_CLK_50MHZ rise edge)
                                                     20.000    20.000 r  
    B8                                                0.000    20.000 r  FPGA_CLK_50MHZ (IN)
                         net (fo=0)                   0.000    20.000    FPGA_CLK_50MHZ
    B8                   IBUF (Prop_ibuf_I_O)         1.399    21.399 r  FPGA_CLK_50MHZ_IBUF_inst/O
                         net (fo=1, routed)           1.880    23.279    FPGA_CLK_50MHZ_IBUF
    BUFGCTRL_X0Y16       BUFG (Prop_bufg_I_O)         0.077    23.356 r  FPGA_CLK_50MHZ_IBUF_BUFG_inst/O
                         net (fo=291, routed)         1.280    24.636    FPGA_CLK_50MHZ_IBUF_BUFG
    SLICE_X9Y51          FDSE                                         r  res_int_reg[1]/C
                         clock pessimism              0.179    24.815    
                         clock uncertainty           -0.035    24.780    
    SLICE_X9Y51          FDSE (Setup_fdse_C_S)       -0.352    24.428    res_int_reg[1]
  -------------------------------------------------------------------
                         required time                         24.428    
                         arrival time                         -16.238    
  -------------------------------------------------------------------
                         slack                                  8.190    

Slack (MET) :             8.190ns  (required time - arrival time)
  Source:                 rx_buf_len_reg[1]/C
                            (rising edge-triggered cell FDRE clocked by FPGA_CLK_50MHZ  {rise@0.000ns fall@10.000ns period=20.000ns})
  Destination:            res_int_reg[2]/S
                            (rising edge-triggered cell FDSE clocked by FPGA_CLK_50MHZ  {rise@0.000ns fall@10.000ns period=20.000ns})
  Path Group:             FPGA_CLK_50MHZ
  Path Type:              Setup (Max at Slow Process Corner)
  Requirement:            20.000ns  (FPGA_CLK_50MHZ rise@20.000ns - FPGA_CLK_50MHZ rise@0.000ns)
  Data Path Delay:        11.105ns  (logic 5.049ns (45.466%)  route 6.056ns (54.534%))
  Logic Levels:           17  (CARRY4=8 LUT2=3 LUT3=1 LUT4=3 LUT5=1 LUT6=1)
  Clock Path Skew:        -0.317ns (DCD - SCD + CPR)
    Destination Clock Delay (DCD):    4.636ns = ( 24.636 - 20.000 ) 
    Source Clock Delay      (SCD):    5.133ns
    Clock Pessimism Removal (CPR):    0.179ns
  Clock Uncertainty:      0.035ns  ((TSJ^2 + TIJ^2)^1/2 + DJ) / 2 + PE
    Total System Jitter     (TSJ):    0.071ns
    Total Input Jitter      (TIJ):    0.000ns
    Discrete Jitter          (DJ):    0.000ns
    Phase Error              (PE):    0.000ns

    Location             Delay type                Incr(ns)  Path(ns)    Netlist Resource(s)
  -------------------------------------------------------------------    -------------------
                         (clock FPGA_CLK_50MHZ rise edge)
                                                      0.000     0.000 r  
    B8                                                0.000     0.000 r  FPGA_CLK_50MHZ (IN)
                         net (fo=0)                   0.000     0.000    FPGA_CLK_50MHZ
    B8                   IBUF (Prop_ibuf_I_O)         1.466     1.466 r  FPGA_CLK_50MHZ_IBUF_inst/O
                         net (fo=1, routed)           1.982     3.448    FPGA_CLK_50MHZ_IBUF
    BUFGCTRL_X0Y16       BUFG (Prop_bufg_I_O)         0.081     3.529 r  FPGA_CLK_50MHZ_IBUF_BUFG_inst/O
                         net (fo=291, routed)         1.604     5.133    FPGA_CLK_50MHZ_IBUF_BUFG
    SLICE_X7Y46          FDRE                                         r  rx_buf_len_reg[1]/C
  -------------------------------------------------------------------    -------------------
    SLICE_X7Y46          FDRE (Prop_fdre_C_Q)         0.379     5.512 r  rx_buf_len_reg[1]/Q
                         net (fo=12, routed)          1.219     6.730    rx_buf_len_reg_n_0_[1]
    SLICE_X10Y46         LUT4 (Prop_lut4_I3_O)        0.118     6.848 f  res_int[3]_i_14/O
                         net (fo=1, routed)           0.359     7.207    res_int[3]_i_14_n_0
    SLICE_X10Y46         LUT5 (Prop_lut5_I0_O)        0.264     7.471 f  res_int[3]_i_9/O
                         net (fo=20, routed)          0.598     8.069    res_int[3]_i_9_n_0
    SLICE_X9Y46          LUT2 (Prop_lut2_I1_O)        0.105     8.174 r  res_int[9]_i_65/O
                         net (fo=1, routed)           0.000     8.174    res_int[9]_i_65_n_0
    SLICE_X9Y46          CARRY4 (Prop_carry4_S[0]_O[2])
                                                      0.453     8.627 r  res_int_reg[9]_i_45/O[2]
                         net (fo=2, routed)           0.542     9.170    res_int_reg[9]_i_45_n_5
    SLICE_X8Y46          LUT2 (Prop_lut2_I1_O)        0.253     9.423 r  res_int[8]_i_33/O
                         net (fo=1, routed)           0.000     9.423    res_int[8]_i_33_n_0
    SLICE_X8Y46          CARRY4 (Prop_carry4_S[3]_O[3])
                                                      0.211     9.634 r  res_int_reg[8]_i_13/O[3]
                         net (fo=6, routed)           0.743    10.376    res_int_reg[8]_i_13_n_4
    SLICE_X11Y48         LUT3 (Prop_lut3_I1_O)        0.250    10.626 r  res_int[9]_i_53/O
                         net (fo=1, routed)           0.000    10.626    res_int[9]_i_53_n_0
    SLICE_X11Y48         CARRY4 (Prop_carry4_S[3]_CO[3])
                                                      0.332    10.958 r  res_int_reg[9]_i_35/CO[3]
                         net (fo=1, routed)           0.000    10.958    res_int_reg[9]_i_35_n_0
    SLICE_X11Y49         CARRY4 (Prop_carry4_CI_O[0])
                                                      0.180    11.138 r  res_int_reg[9]_i_17/O[0]
                         net (fo=4, routed)           0.353    11.491    res_int_reg[9]_i_17_n_7
    SLICE_X10Y49         LUT4 (Prop_lut4_I1_O)        0.249    11.740 r  res_int[8]_i_11/O
                         net (fo=1, routed)           0.000    11.740    res_int[8]_i_11_n_0
    SLICE_X10Y49         CARRY4 (Prop_carry4_S[1]_O[3])
                                                      0.534    12.274 r  res_int_reg[8]_i_2/O[3]
                         net (fo=4, routed)           0.475    12.749    res_int_reg[8]_i_2_n_4
    SLICE_X10Y51         LUT4 (Prop_lut4_I0_O)        0.250    12.999 r  res_int[9]_i_28/O
                         net (fo=1, routed)           0.401    13.400    res_int[9]_i_28_n_0
    SLICE_X9Y49          CARRY4 (Prop_carry4_DI[3]_CO[3])
                                                      0.318    13.718 r  res_int_reg[9]_i_12/CO[3]
                         net (fo=1, routed)           0.001    13.719    res_int_reg[9]_i_12_n_0
    SLICE_X9Y50          CARRY4 (Prop_carry4_CI_O[0])
                                                      0.180    13.899 r  res_int_reg[9]_i_34/O[0]
                         net (fo=2, routed)           0.575    14.473    res_int_reg[9]_i_34_n_7
    SLICE_X8Y51          LUT2 (Prop_lut2_I1_O)        0.249    14.722 r  res_int[9]_i_14/O
                         net (fo=1, routed)           0.000    14.722    res_int[9]_i_14_n_0
    SLICE_X8Y51          CARRY4 (Prop_carry4_S[1]_O[2])
                                                      0.480    15.202 r  res_int_reg[9]_i_5/O[2]
                         net (fo=2, routed)           0.483    15.685    res_int_reg[9]_i_5_n_5
    SLICE_X11Y51         LUT6 (Prop_lut6_I4_O)        0.244    15.929 r  res_int[9]_i_1/O
                         net (fo=9, routed)           0.308    16.238    res_int[9]_i_1_n_0
    SLICE_X9Y51          FDSE                                         r  res_int_reg[2]/S
  -------------------------------------------------------------------    -------------------

                         (clock FPGA_CLK_50MHZ rise edge)
                                                     20.000    20.000 r  
    B8                                                0.000    20.000 r  FPGA_CLK_50MHZ (IN)
                         net (fo=0)                   0.000    20.000    FPGA_CLK_50MHZ
    B8                   IBUF (Prop_ibuf_I_O)         1.399    21.399 r  FPGA_CLK_50MHZ_IBUF_inst/O
                         net (fo=1, routed)           1.880    23.279    FPGA_CLK_50MHZ_IBUF
    BUFGCTRL_X0Y16       BUFG (Prop_bufg_I_O)         0.077    23.356 r  FPGA_CLK_50MHZ_IBUF_BUFG_inst/O
                         net (fo=291, routed)         1.280    24.636    FPGA_CLK_50MHZ_IBUF_BUFG
    SLICE_X9Y51          FDSE                                         r  res_int_reg[2]/C
                         clock pessimism              0.179    24.815    
                         clock uncertainty           -0.035    24.780    
    SLICE_X9Y51          FDSE (Setup_fdse_C_S)       -0.352    24.428    res_int_reg[2]
  -------------------------------------------------------------------
                         required time                         24.428    
                         arrival time                         -16.238    
  -------------------------------------------------------------------
                         slack                                  8.190    





Min Delay Paths
--------------------------------------------------------------------------------------
Slack (MET) :             0.188ns  (arrival time - required time)
  Source:                 rx_shift_reg_reg[6]/C
                            (rising edge-triggered cell FDRE clocked by FPGA_CLK_50MHZ  {rise@0.000ns fall@10.000ns period=20.000ns})
  Destination:            rx_byte_reg[6]/D
                            (rising edge-triggered cell FDRE clocked by FPGA_CLK_50MHZ  {rise@0.000ns fall@10.000ns period=20.000ns})
  Path Group:             FPGA_CLK_50MHZ
  Path Type:              Hold (Min at Fast Process Corner)
  Requirement:            0.000ns  (FPGA_CLK_50MHZ rise@0.000ns - FPGA_CLK_50MHZ rise@0.000ns)
  Data Path Delay:        0.265ns  (logic 0.141ns (53.132%)  route 0.124ns (46.868%))
  Logic Levels:           0  
  Clock Path Skew:        0.013ns (DCD - SCD - CPR)
    Destination Clock Delay (DCD):    2.336ns
    Source Clock Delay      (SCD):    1.805ns
    Clock Pessimism Removal (CPR):    0.518ns

    Location             Delay type                Incr(ns)  Path(ns)    Netlist Resource(s)
  -------------------------------------------------------------------    -------------------
                         (clock FPGA_CLK_50MHZ rise edge)
                                                      0.000     0.000 r  
    B8                                                0.000     0.000 r  FPGA_CLK_50MHZ (IN)
                         net (fo=0)                   0.000     0.000    FPGA_CLK_50MHZ
    B8                   IBUF (Prop_ibuf_I_O)         0.302     0.302 r  FPGA_CLK_50MHZ_IBUF_inst/O
                         net (fo=1, routed)           0.808     1.110    FPGA_CLK_50MHZ_IBUF
    BUFGCTRL_X0Y16       BUFG (Prop_bufg_I_O)         0.026     1.136 r  FPGA_CLK_50MHZ_IBUF_BUFG_inst/O
                         net (fo=291, routed)         0.669     1.805    FPGA_CLK_50MHZ_IBUF_BUFG
    SLICE_X7Y45          FDRE                                         r  rx_shift_reg_reg[6]/C
  -------------------------------------------------------------------    -------------------
    SLICE_X7Y45          FDRE (Prop_fdre_C_Q)         0.141     1.946 r  rx_shift_reg_reg[6]/Q
                         net (fo=2, routed)           0.124     2.070    rx_shift_reg_reg_n_0_[6]
    SLICE_X6Y45          FDRE                                         r  rx_byte_reg[6]/D
  -------------------------------------------------------------------    -------------------

                         (clock FPGA_CLK_50MHZ rise edge)
                                                      0.000     0.000 r  
    B8                                                0.000     0.000 r  FPGA_CLK_50MHZ (IN)
                         net (fo=0)                   0.000     0.000    FPGA_CLK_50MHZ
    B8                   IBUF (Prop_ibuf_I_O)         0.490     0.490 r  FPGA_CLK_50MHZ_IBUF_inst/O
                         net (fo=1, routed)           0.871     1.361    FPGA_CLK_50MHZ_IBUF
    BUFGCTRL_X0Y16       BUFG (Prop_bufg_I_O)         0.029     1.390 r  FPGA_CLK_50MHZ_IBUF_BUFG_inst/O
                         net (fo=291, routed)         0.946     2.336    FPGA_CLK_50MHZ_IBUF_BUFG
    SLICE_X6Y45          FDRE                                         r  rx_byte_reg[6]/C
                         clock pessimism             -0.518     1.818    
    SLICE_X6Y45          FDRE (Hold_fdre_C_D)         0.064     1.882    rx_byte_reg[6]
  -------------------------------------------------------------------
                         required time                         -1.882    
                         arrival time                           2.070    
  -------------------------------------------------------------------
                         slack                                  0.188    

Slack (MET) :             0.193ns  (arrival time - required time)
  Source:                 rx_bit_index_reg[0]/C
                            (rising edge-triggered cell FDRE clocked by FPGA_CLK_50MHZ  {rise@0.000ns fall@10.000ns period=20.000ns})
  Destination:            rx_shift_reg_reg[0]/D
                            (rising edge-triggered cell FDRE clocked by FPGA_CLK_50MHZ  {rise@0.000ns fall@10.000ns period=20.000ns})
  Path Group:             FPGA_CLK_50MHZ
  Path Type:              Hold (Min at Fast Process Corner)
  Requirement:            0.000ns  (FPGA_CLK_50MHZ rise@0.000ns - FPGA_CLK_50MHZ rise@0.000ns)
  Data Path Delay:        0.326ns  (logic 0.186ns (57.103%)  route 0.140ns (42.897%))
  Logic Levels:           1  (LUT6=1)
  Clock Path Skew:        0.013ns (DCD - SCD - CPR)
    Destination Clock Delay (DCD):    2.336ns
    Source Clock Delay      (SCD):    1.805ns
    Clock Pessimism Removal (CPR):    0.518ns

    Location             Delay type                Incr(ns)  Path(ns)    Netlist Resource(s)
  -------------------------------------------------------------------    -------------------
                         (clock FPGA_CLK_50MHZ rise edge)
                                                      0.000     0.000 r  
    B8                                                0.000     0.000 r  FPGA_CLK_50MHZ (IN)
                         net (fo=0)                   0.000     0.000    FPGA_CLK_50MHZ
    B8                   IBUF (Prop_ibuf_I_O)         0.302     0.302 r  FPGA_CLK_50MHZ_IBUF_inst/O
                         net (fo=1, routed)           0.808     1.110    FPGA_CLK_50MHZ_IBUF
    BUFGCTRL_X0Y16       BUFG (Prop_bufg_I_O)         0.026     1.136 r  FPGA_CLK_50MHZ_IBUF_BUFG_inst/O
                         net (fo=291, routed)         0.669     1.805    FPGA_CLK_50MHZ_IBUF_BUFG
    SLICE_X7Y44          FDRE                                         r  rx_bit_index_reg[0]/C
  -------------------------------------------------------------------    -------------------
    SLICE_X7Y44          FDRE (Prop_fdre_C_Q)         0.141     1.946 r  rx_bit_index_reg[0]/Q
                         net (fo=12, routed)          0.140     2.086    rx_bit_index_reg_n_0_[0]
    SLICE_X6Y44          LUT6 (Prop_lut6_I4_O)        0.045     2.131 r  rx_shift_reg[0]_i_1/O
                         net (fo=1, routed)           0.000     2.131    rx_shift_reg[0]_i_1_n_0
    SLICE_X6Y44          FDRE                                         r  rx_shift_reg_reg[0]/D
  -------------------------------------------------------------------    -------------------

                         (clock FPGA_CLK_50MHZ rise edge)
                                                      0.000     0.000 r  
    B8                                                0.000     0.000 r  FPGA_CLK_50MHZ (IN)
                         net (fo=0)                   0.000     0.000    FPGA_CLK_50MHZ
    B8                   IBUF (Prop_ibuf_I_O)         0.490     0.490 r  FPGA_CLK_50MHZ_IBUF_inst/O
                         net (fo=1, routed)           0.871     1.361    FPGA_CLK_50MHZ_IBUF
    BUFGCTRL_X0Y16       BUFG (Prop_bufg_I_O)         0.029     1.390 r  FPGA_CLK_50MHZ_IBUF_BUFG_inst/O
                         net (fo=291, routed)         0.946     2.336    FPGA_CLK_50MHZ_IBUF_BUFG
    SLICE_X6Y44          FDRE                                         r  rx_shift_reg_reg[0]/C
                         clock pessimism             -0.518     1.818    
    SLICE_X6Y44          FDRE (Hold_fdre_C_D)         0.120     1.938    rx_shift_reg_reg[0]
  -------------------------------------------------------------------
                         required time                         -1.938    
                         arrival time                           2.131    
  -------------------------------------------------------------------
                         slack                                  0.193    

Slack (MET) :             0.196ns  (arrival time - required time)
  Source:                 rx_bit_index_reg[0]/C
                            (rising edge-triggered cell FDRE clocked by FPGA_CLK_50MHZ  {rise@0.000ns fall@10.000ns period=20.000ns})
  Destination:            rx_shift_reg_reg[1]/D
                            (rising edge-triggered cell FDRE clocked by FPGA_CLK_50MHZ  {rise@0.000ns fall@10.000ns period=20.000ns})
  Path Group:             FPGA_CLK_50MHZ
  Path Type:              Hold (Min at Fast Process Corner)
  Requirement:            0.000ns  (FPGA_CLK_50MHZ rise@0.000ns - FPGA_CLK_50MHZ rise@0.000ns)
  Data Path Delay:        0.330ns  (logic 0.186ns (56.410%)  route 0.144ns (43.590%))
  Logic Levels:           1  (LUT6=1)
  Clock Path Skew:        0.013ns (DCD - SCD - CPR)
    Destination Clock Delay (DCD):    2.336ns
    Source Clock Delay      (SCD):    1.805ns
    Clock Pessimism Removal (CPR):    0.518ns

    Location             Delay type                Incr(ns)  Path(ns)    Netlist Resource(s)
  -------------------------------------------------------------------    -------------------
                         (clock FPGA_CLK_50MHZ rise edge)
                                                      0.000     0.000 r  
    B8                                                0.000     0.000 r  FPGA_CLK_50MHZ (IN)
                         net (fo=0)                   0.000     0.000    FPGA_CLK_50MHZ
    B8                   IBUF (Prop_ibuf_I_O)         0.302     0.302 r  FPGA_CLK_50MHZ_IBUF_inst/O
                         net (fo=1, routed)           0.808     1.110    FPGA_CLK_50MHZ_IBUF
    BUFGCTRL_X0Y16       BUFG (Prop_bufg_I_O)         0.026     1.136 r  FPGA_CLK_50MHZ_IBUF_BUFG_inst/O
                         net (fo=291, routed)         0.669     1.805    FPGA_CLK_50MHZ_IBUF_BUFG
    SLICE_X7Y44          FDRE                                         r  rx_bit_index_reg[0]/C
  -------------------------------------------------------------------    -------------------
    SLICE_X7Y44          FDRE (Prop_fdre_C_Q)         0.141     1.946 r  rx_bit_index_reg[0]/Q
                         net (fo=12, routed)          0.144     2.090    rx_bit_index_reg_n_0_[0]
    SLICE_X6Y44          LUT6 (Prop_lut6_I4_O)        0.045     2.135 r  rx_shift_reg[1]_i_1/O
                         net (fo=1, routed)           0.000     2.135    rx_shift_reg[1]_i_1_n_0
    SLICE_X6Y44          FDRE                                         r  rx_shift_reg_reg[1]/D
  -------------------------------------------------------------------    -------------------

                         (clock FPGA_CLK_50MHZ rise edge)
                                                      0.000     0.000 r  
    B8                                                0.000     0.000 r  FPGA_CLK_50MHZ (IN)
                         net (fo=0)                   0.000     0.000    FPGA_CLK_50MHZ
    B8                   IBUF (Prop_ibuf_I_O)         0.490     0.490 r  FPGA_CLK_50MHZ_IBUF_inst/O
                         net (fo=1, routed)           0.871     1.361    FPGA_CLK_50MHZ_IBUF
    BUFGCTRL_X0Y16       BUFG (Prop_bufg_I_O)         0.029     1.390 r  FPGA_CLK_50MHZ_IBUF_BUFG_inst/O
                         net (fo=291, routed)         0.946     2.336    FPGA_CLK_50MHZ_IBUF_BUFG
    SLICE_X6Y44          FDRE                                         r  rx_shift_reg_reg[1]/C
                         clock pessimism             -0.518     1.818    
    SLICE_X6Y44          FDRE (Hold_fdre_C_D)         0.121     1.939    rx_shift_reg_reg[1]
  -------------------------------------------------------------------
                         required time                         -1.939    
                         arrival time                           2.135    
  -------------------------------------------------------------------
                         slack                                  0.196    

Slack (MET) :             0.199ns  (arrival time - required time)
  Source:                 FSM_sequential_tx_state_reg[2]_inv/C
                            (rising edge-triggered cell FDRE clocked by FPGA_CLK_50MHZ  {rise@0.000ns fall@10.000ns period=20.000ns})
  Destination:            tx_done_reg/D
                            (rising edge-triggered cell FDRE clocked by FPGA_CLK_50MHZ  {rise@0.000ns fall@10.000ns period=20.000ns})
  Path Group:             FPGA_CLK_50MHZ
  Path Type:              Hold (Min at Fast Process Corner)
  Requirement:            0.000ns  (FPGA_CLK_50MHZ rise@0.000ns - FPGA_CLK_50MHZ rise@0.000ns)
  Data Path Delay:        0.319ns  (logic 0.190ns (59.580%)  route 0.129ns (40.420%))
  Logic Levels:           1  (LUT3=1)
  Clock Path Skew:        0.013ns (DCD - SCD - CPR)
    Destination Clock Delay (DCD):    2.338ns
    Source Clock Delay      (SCD):    1.807ns
    Clock Pessimism Removal (CPR):    0.518ns

    Location             Delay type                Incr(ns)  Path(ns)    Netlist Resource(s)
  -------------------------------------------------------------------    -------------------
                         (clock FPGA_CLK_50MHZ rise edge)
                                                      0.000     0.000 r  
    B8                                                0.000     0.000 r  FPGA_CLK_50MHZ (IN)
                         net (fo=0)                   0.000     0.000    FPGA_CLK_50MHZ
    B8                   IBUF (Prop_ibuf_I_O)         0.302     0.302 r  FPGA_CLK_50MHZ_IBUF_inst/O
                         net (fo=1, routed)           0.808     1.110    FPGA_CLK_50MHZ_IBUF
    BUFGCTRL_X0Y16       BUFG (Prop_bufg_I_O)         0.026     1.136 r  FPGA_CLK_50MHZ_IBUF_BUFG_inst/O
                         net (fo=291, routed)         0.671     1.807    FPGA_CLK_50MHZ_IBUF_BUFG
    SLICE_X0Y47          FDRE                                         r  FSM_sequential_tx_state_reg[2]_inv/C
  -------------------------------------------------------------------    -------------------
    SLICE_X0Y47          FDRE (Prop_fdre_C_Q)         0.141     1.948 f  FSM_sequential_tx_state_reg[2]_inv/Q
                         net (fo=25, routed)          0.129     2.077    tx_baud_count
    SLICE_X1Y47          LUT3 (Prop_lut3_I2_O)        0.049     2.126 r  tx_done_i_1/O
                         net (fo=1, routed)           0.000     2.126    tx_done_i_1_n_0
    SLICE_X1Y47          FDRE                                         r  tx_done_reg/D
  -------------------------------------------------------------------    -------------------

                         (clock FPGA_CLK_50MHZ rise edge)
                                                      0.000     0.000 r  
    B8                                                0.000     0.000 r  FPGA_CLK_50MHZ (IN)
                         net (fo=0)                   0.000     0.000    FPGA_CLK_50MHZ
    B8                   IBUF (Prop_ibuf_I_O)         0.490     0.490 r  FPGA_CLK_50MHZ_IBUF_inst/O
                         net (fo=1, routed)           0.871     1.361    FPGA_CLK_50MHZ_IBUF
    BUFGCTRL_X0Y16       BUFG (Prop_bufg_I_O)         0.029     1.390 r  FPGA_CLK_50MHZ_IBUF_BUFG_inst/O
                         net (fo=291, routed)         0.948     2.338    FPGA_CLK_50MHZ_IBUF_BUFG
    SLICE_X1Y47          FDRE                                         r  tx_done_reg/C
                         clock pessimism             -0.518     1.820    
    SLICE_X1Y47          FDRE (Hold_fdre_C_D)         0.107     1.927    tx_done_reg
  -------------------------------------------------------------------
                         required time                         -1.927    
                         arrival time                           2.126    
  -------------------------------------------------------------------
                         slack                                  0.199    

Slack (MET) :             0.210ns  (arrival time - required time)
  Source:                 FSM_sequential_tx_state_reg[2]_inv/C
                            (rising edge-triggered cell FDRE clocked by FPGA_CLK_50MHZ  {rise@0.000ns fall@10.000ns period=20.000ns})
  Destination:            FSM_sequential_tx_state_reg[0]/D
                            (rising edge-triggered cell FDRE clocked by FPGA_CLK_50MHZ  {rise@0.000ns fall@10.000ns period=20.000ns})
  Path Group:             FPGA_CLK_50MHZ
  Path Type:              Hold (Min at Fast Process Corner)
  Requirement:            0.000ns  (FPGA_CLK_50MHZ rise@0.000ns - FPGA_CLK_50MHZ rise@0.000ns)
  Data Path Delay:        0.314ns  (logic 0.186ns (59.255%)  route 0.128ns (40.745%))
  Logic Levels:           1  (LUT6=1)
  Clock Path Skew:        0.013ns (DCD - SCD - CPR)
    Destination Clock Delay (DCD):    2.338ns
    Source Clock Delay      (SCD):    1.807ns
    Clock Pessimism Removal (CPR):    0.518ns

    Location             Delay type                Incr(ns)  Path(ns)    Netlist Resource(s)
  -------------------------------------------------------------------    -------------------
                         (clock FPGA_CLK_50MHZ rise edge)
                                                      0.000     0.000 r  
    B8                                                0.000     0.000 r  FPGA_CLK_50MHZ (IN)
                         net (fo=0)                   0.000     0.000    FPGA_CLK_50MHZ
    B8                   IBUF (Prop_ibuf_I_O)         0.302     0.302 r  FPGA_CLK_50MHZ_IBUF_inst/O
                         net (fo=1, routed)           0.808     1.110    FPGA_CLK_50MHZ_IBUF
    BUFGCTRL_X0Y16       BUFG (Prop_bufg_I_O)         0.026     1.136 r  FPGA_CLK_50MHZ_IBUF_BUFG_inst/O
                         net (fo=291, routed)         0.671     1.807    FPGA_CLK_50MHZ_IBUF_BUFG
    SLICE_X0Y47          FDRE                                         r  FSM_sequential_tx_state_reg[2]_inv/C
  -------------------------------------------------------------------    -------------------
    SLICE_X0Y47          FDRE (Prop_fdre_C_Q)         0.141     1.948 r  FSM_sequential_tx_state_reg[2]_inv/Q
                         net (fo=25, routed)          0.128     2.076    tx_baud_count
    SLICE_X1Y47          LUT6 (Prop_lut6_I4_O)        0.045     2.121 r  FSM_sequential_tx_state[0]_i_1/O
                         net (fo=1, routed)           0.000     2.121    FSM_sequential_tx_state[0]_i_1_n_0
    SLICE_X1Y47          FDRE                                         r  FSM_sequential_tx_state_reg[0]/D
  -------------------------------------------------------------------    -------------------

                         (clock FPGA_CLK_50MHZ rise edge)
                                                      0.000     0.000 r  
    B8                                                0.000     0.000 r  FPGA_CLK_50MHZ (IN)
                         net (fo=0)                   0.000     0.000    FPGA_CLK_50MHZ
    B8                   IBUF (Prop_ibuf_I_O)         0.490     0.490 r  FPGA_CLK_50MHZ_IBUF_inst/O
                         net (fo=1, routed)           0.871     1.361    FPGA_CLK_50MHZ_IBUF
    BUFGCTRL_X0Y16       BUFG (Prop_bufg_I_O)         0.029     1.390 r  FPGA_CLK_50MHZ_IBUF_BUFG_inst/O
                         net (fo=291, routed)         0.948     2.338    FPGA_CLK_50MHZ_IBUF_BUFG
    SLICE_X1Y47          FDRE                                         r  FSM_sequential_tx_state_reg[0]/C
                         clock pessimism             -0.518     1.820    
    SLICE_X1Y47          FDRE (Hold_fdre_C_D)         0.091     1.911    FSM_sequential_tx_state_reg[0]
  -------------------------------------------------------------------
                         required time                         -1.911    
                         arrival time                           2.121    
  -------------------------------------------------------------------
                         slack                                  0.210    

Slack (MET) :             0.210ns  (arrival time - required time)
  Source:                 FSM_sequential_tx_state_reg[2]_inv/C
                            (rising edge-triggered cell FDRE clocked by FPGA_CLK_50MHZ  {rise@0.000ns fall@10.000ns period=20.000ns})
  Destination:            tx_busy_reg/D
                            (rising edge-triggered cell FDRE clocked by FPGA_CLK_50MHZ  {rise@0.000ns fall@10.000ns period=20.000ns})
  Path Group:             FPGA_CLK_50MHZ
  Path Type:              Hold (Min at Fast Process Corner)
  Requirement:            0.000ns  (FPGA_CLK_50MHZ rise@0.000ns - FPGA_CLK_50MHZ rise@0.000ns)
  Data Path Delay:        0.315ns  (logic 0.186ns (59.067%)  route 0.129ns (40.933%))
  Logic Levels:           1  (LUT5=1)
  Clock Path Skew:        0.013ns (DCD - SCD - CPR)
    Destination Clock Delay (DCD):    2.338ns
    Source Clock Delay      (SCD):    1.807ns
    Clock Pessimism Removal (CPR):    0.518ns

    Location             Delay type                Incr(ns)  Path(ns)    Netlist Resource(s)
  -------------------------------------------------------------------    -------------------
                         (clock FPGA_CLK_50MHZ rise edge)
                                                      0.000     0.000 r  
    B8                                                0.000     0.000 r  FPGA_CLK_50MHZ (IN)
                         net (fo=0)                   0.000     0.000    FPGA_CLK_50MHZ
    B8                   IBUF (Prop_ibuf_I_O)         0.302     0.302 r  FPGA_CLK_50MHZ_IBUF_inst/O
                         net (fo=1, routed)           0.808     1.110    FPGA_CLK_50MHZ_IBUF
    BUFGCTRL_X0Y16       BUFG (Prop_bufg_I_O)         0.026     1.136 r  FPGA_CLK_50MHZ_IBUF_BUFG_inst/O
                         net (fo=291, routed)         0.671     1.807    FPGA_CLK_50MHZ_IBUF_BUFG
    SLICE_X0Y47          FDRE                                         r  FSM_sequential_tx_state_reg[2]_inv/C
  -------------------------------------------------------------------    -------------------
    SLICE_X0Y47          FDRE (Prop_fdre_C_Q)         0.141     1.948 r  FSM_sequential_tx_state_reg[2]_inv/Q
                         net (fo=25, routed)          0.129     2.077    tx_baud_count
    SLICE_X1Y47          LUT5 (Prop_lut5_I3_O)        0.045     2.122 r  tx_busy_i_1/O
                         net (fo=1, routed)           0.000     2.122    tx_busy_i_1_n_0
    SLICE_X1Y47          FDRE                                         r  tx_busy_reg/D
  -------------------------------------------------------------------    -------------------

                         (clock FPGA_CLK_50MHZ rise edge)
                                                      0.000     0.000 r  
    B8                                                0.000     0.000 r  FPGA_CLK_50MHZ (IN)
                         net (fo=0)                   0.000     0.000    FPGA_CLK_50MHZ
    B8                   IBUF (Prop_ibuf_I_O)         0.490     0.490 r  FPGA_CLK_50MHZ_IBUF_inst/O
                         net (fo=1, routed)           0.871     1.361    FPGA_CLK_50MHZ_IBUF
    BUFGCTRL_X0Y16       BUFG (Prop_bufg_I_O)         0.029     1.390 r  FPGA_CLK_50MHZ_IBUF_BUFG_inst/O
                         net (fo=291, routed)         0.948     2.338    FPGA_CLK_50MHZ_IBUF_BUFG
    SLICE_X1Y47          FDRE                                         r  tx_busy_reg/C
                         clock pessimism             -0.518     1.820    
    SLICE_X1Y47          FDRE (Hold_fdre_C_D)         0.092     1.912    tx_busy_reg
  -------------------------------------------------------------------
                         required time                         -1.912    
                         arrival time                           2.122    
  -------------------------------------------------------------------
                         slack                                  0.210    

Slack (MET) :             0.214ns  (arrival time - required time)
  Source:                 rx_sync2_reg/C
                            (rising edge-triggered cell FDRE clocked by FPGA_CLK_50MHZ  {rise@0.000ns fall@10.000ns period=20.000ns})
  Destination:            FSM_sequential_rx_state_reg[0]/D
                            (rising edge-triggered cell FDRE clocked by FPGA_CLK_50MHZ  {rise@0.000ns fall@10.000ns period=20.000ns})
  Path Group:             FPGA_CLK_50MHZ
  Path Type:              Hold (Min at Fast Process Corner)
  Requirement:            0.000ns  (FPGA_CLK_50MHZ rise@0.000ns - FPGA_CLK_50MHZ rise@0.000ns)
  Data Path Delay:        0.641ns  (logic 0.186ns (28.997%)  route 0.455ns (71.003%))
  Logic Levels:           1  (LUT6=1)
  Clock Path Skew:        0.306ns (DCD - SCD - CPR)
    Destination Clock Delay (DCD):    2.305ns
    Source Clock Delay      (SCD):    1.739ns
    Clock Pessimism Removal (CPR):    0.260ns

    Location             Delay type                Incr(ns)  Path(ns)    Netlist Resource(s)
  -------------------------------------------------------------------    -------------------
                         (clock FPGA_CLK_50MHZ rise edge)
                                                      0.000     0.000 r  
    B8                                                0.000     0.000 r  FPGA_CLK_50MHZ (IN)
                         net (fo=0)                   0.000     0.000    FPGA_CLK_50MHZ
    B8                   IBUF (Prop_ibuf_I_O)         0.302     0.302 r  FPGA_CLK_50MHZ_IBUF_inst/O
                         net (fo=1, routed)           0.808     1.110    FPGA_CLK_50MHZ_IBUF
    BUFGCTRL_X0Y16       BUFG (Prop_bufg_I_O)         0.026     1.136 r  FPGA_CLK_50MHZ_IBUF_BUFG_inst/O
                         net (fo=291, routed)         0.604     1.739    FPGA_CLK_50MHZ_IBUF_BUFG
    SLICE_X5Y52          FDRE                                         r  rx_sync2_reg/C
  -------------------------------------------------------------------    -------------------
    SLICE_X5Y52          FDRE (Prop_fdre_C_Q)         0.141     1.880 f  rx_sync2_reg/Q
                         net (fo=24, routed)          0.455     2.336    rx_sync2
    SLICE_X8Y42          LUT6 (Prop_lut6_I3_O)        0.045     2.381 r  FSM_sequential_rx_state[0]_i_1/O
                         net (fo=1, routed)           0.000     2.381    FSM_sequential_rx_state[0]_i_1_n_0
    SLICE_X8Y42          FDRE                                         r  FSM_sequential_rx_state_reg[0]/D
  -------------------------------------------------------------------    -------------------

                         (clock FPGA_CLK_50MHZ rise edge)
                                                      0.000     0.000 r  
    B8                                                0.000     0.000 r  FPGA_CLK_50MHZ (IN)
                         net (fo=0)                   0.000     0.000    FPGA_CLK_50MHZ
    B8                   IBUF (Prop_ibuf_I_O)         0.490     0.490 r  FPGA_CLK_50MHZ_IBUF_inst/O
                         net (fo=1, routed)           0.871     1.361    FPGA_CLK_50MHZ_IBUF
    BUFGCTRL_X0Y16       BUFG (Prop_bufg_I_O)         0.029     1.390 r  FPGA_CLK_50MHZ_IBUF_BUFG_inst/O
                         net (fo=291, routed)         0.915     2.305    FPGA_CLK_50MHZ_IBUF_BUFG
    SLICE_X8Y42          FDRE                                         r  FSM_sequential_rx_state_reg[0]/C
                         clock pessimism             -0.260     2.045    
    SLICE_X8Y42          FDRE (Hold_fdre_C_D)         0.121     2.166    FSM_sequential_rx_state_reg[0]
  -------------------------------------------------------------------
                         required time                         -2.166    
                         arrival time                           2.381    
  -------------------------------------------------------------------
                         slack                                  0.214    

Slack (MET) :             0.217ns  (arrival time - required time)
  Source:                 rx_sync2_reg/C
                            (rising edge-triggered cell FDRE clocked by FPGA_CLK_50MHZ  {rise@0.000ns fall@10.000ns period=20.000ns})
  Destination:            FSM_sequential_rx_state_reg[1]/D
                            (rising edge-triggered cell FDRE clocked by FPGA_CLK_50MHZ  {rise@0.000ns fall@10.000ns period=20.000ns})
  Path Group:             FPGA_CLK_50MHZ
  Path Type:              Hold (Min at Fast Process Corner)
  Requirement:            0.000ns  (FPGA_CLK_50MHZ rise@0.000ns - FPGA_CLK_50MHZ rise@0.000ns)
  Data Path Delay:        0.643ns  (logic 0.186ns (28.907%)  route 0.457ns (71.093%))
  Logic Levels:           1  (LUT6=1)
  Clock Path Skew:        0.306ns (DCD - SCD - CPR)
    Destination Clock Delay (DCD):    2.305ns
    Source Clock Delay      (SCD):    1.739ns
    Clock Pessimism Removal (CPR):    0.260ns

    Location             Delay type                Incr(ns)  Path(ns)    Netlist Resource(s)
  -------------------------------------------------------------------    -------------------
                         (clock FPGA_CLK_50MHZ rise edge)
                                                      0.000     0.000 r  
    B8                                                0.000     0.000 r  FPGA_CLK_50MHZ (IN)
                         net (fo=0)                   0.000     0.000    FPGA_CLK_50MHZ
    B8                   IBUF (Prop_ibuf_I_O)         0.302     0.302 r  FPGA_CLK_50MHZ_IBUF_inst/O
                         net (fo=1, routed)           0.808     1.110    FPGA_CLK_50MHZ_IBUF
    BUFGCTRL_X0Y16       BUFG (Prop_bufg_I_O)         0.026     1.136 r  FPGA_CLK_50MHZ_IBUF_BUFG_inst/O
                         net (fo=291, routed)         0.604     1.739    FPGA_CLK_50MHZ_IBUF_BUFG
    SLICE_X5Y52          FDRE                                         r  rx_sync2_reg/C
  -------------------------------------------------------------------    -------------------
    SLICE_X5Y52          FDRE (Prop_fdre_C_Q)         0.141     1.880 f  rx_sync2_reg/Q
                         net (fo=24, routed)          0.457     2.338    rx_sync2
    SLICE_X8Y42          LUT6 (Prop_lut6_I5_O)        0.045     2.383 r  FSM_sequential_rx_state[1]_i_1/O
                         net (fo=1, routed)           0.000     2.383    FSM_sequential_rx_state[1]_i_1_n_0
    SLICE_X8Y42          FDRE                                         r  FSM_sequential_rx_state_reg[1]/D
  -------------------------------------------------------------------    -------------------

                         (clock FPGA_CLK_50MHZ rise edge)
                                                      0.000     0.000 r  
    B8                                                0.000     0.000 r  FPGA_CLK_50MHZ (IN)
                         net (fo=0)                   0.000     0.000    FPGA_CLK_50MHZ
    B8                   IBUF (Prop_ibuf_I_O)         0.490     0.490 r  FPGA_CLK_50MHZ_IBUF_inst/O
                         net (fo=1, routed)           0.871     1.361    FPGA_CLK_50MHZ_IBUF
    BUFGCTRL_X0Y16       BUFG (Prop_bufg_I_O)         0.029     1.390 r  FPGA_CLK_50MHZ_IBUF_BUFG_inst/O
                         net (fo=291, routed)         0.915     2.305    FPGA_CLK_50MHZ_IBUF_BUFG
    SLICE_X8Y42          FDRE                                         r  FSM_sequential_rx_state_reg[1]/C
                         clock pessimism             -0.260     2.045    
    SLICE_X8Y42          FDRE (Hold_fdre_C_D)         0.120     2.165    FSM_sequential_rx_state_reg[1]
  -------------------------------------------------------------------
                         required time                         -2.165    
                         arrival time                           2.383    
  -------------------------------------------------------------------
                         slack                                  0.217    

Slack (MET) :             0.223ns  (arrival time - required time)
  Source:                 rx_shift_reg_reg[3]/C
                            (rising edge-triggered cell FDRE clocked by FPGA_CLK_50MHZ  {rise@0.000ns fall@10.000ns period=20.000ns})
  Destination:            rx_byte_reg[3]/D
                            (rising edge-triggered cell FDRE clocked by FPGA_CLK_50MHZ  {rise@0.000ns fall@10.000ns period=20.000ns})
  Path Group:             FPGA_CLK_50MHZ
  Path Type:              Hold (Min at Fast Process Corner)
  Requirement:            0.000ns  (FPGA_CLK_50MHZ rise@0.000ns - FPGA_CLK_50MHZ rise@0.000ns)
  Data Path Delay:        0.312ns  (logic 0.141ns (45.158%)  route 0.171ns (54.842%))
  Logic Levels:           0  
  Clock Path Skew:        0.013ns (DCD - SCD - CPR)
    Destination Clock Delay (DCD):    2.336ns
    Source Clock Delay      (SCD):    1.805ns
    Clock Pessimism Removal (CPR):    0.518ns

    Location             Delay type                Incr(ns)  Path(ns)    Netlist Resource(s)
  -------------------------------------------------------------------    -------------------
                         (clock FPGA_CLK_50MHZ rise edge)
                                                      0.000     0.000 r  
    B8                                                0.000     0.000 r  FPGA_CLK_50MHZ (IN)
                         net (fo=0)                   0.000     0.000    FPGA_CLK_50MHZ
    B8                   IBUF (Prop_ibuf_I_O)         0.302     0.302 r  FPGA_CLK_50MHZ_IBUF_inst/O
                         net (fo=1, routed)           0.808     1.110    FPGA_CLK_50MHZ_IBUF
    BUFGCTRL_X0Y16       BUFG (Prop_bufg_I_O)         0.026     1.136 r  FPGA_CLK_50MHZ_IBUF_BUFG_inst/O
                         net (fo=291, routed)         0.669     1.805    FPGA_CLK_50MHZ_IBUF_BUFG
    SLICE_X7Y45          FDRE                                         r  rx_shift_reg_reg[3]/C
  -------------------------------------------------------------------    -------------------
    SLICE_X7Y45          FDRE (Prop_fdre_C_Q)         0.141     1.946 r  rx_shift_reg_reg[3]/Q
                         net (fo=2, routed)           0.171     2.117    rx_shift_reg_reg_n_0_[3]
    SLICE_X6Y45          FDRE                                         r  rx_byte_reg[3]/D
  -------------------------------------------------------------------    -------------------

                         (clock FPGA_CLK_50MHZ rise edge)
                                                      0.000     0.000 r  
    B8                                                0.000     0.000 r  FPGA_CLK_50MHZ (IN)
                         net (fo=0)                   0.000     0.000    FPGA_CLK_50MHZ
    B8                   IBUF (Prop_ibuf_I_O)         0.490     0.490 r  FPGA_CLK_50MHZ_IBUF_inst/O
                         net (fo=1, routed)           0.871     1.361    FPGA_CLK_50MHZ_IBUF
    BUFGCTRL_X0Y16       BUFG (Prop_bufg_I_O)         0.029     1.390 r  FPGA_CLK_50MHZ_IBUF_BUFG_inst/O
                         net (fo=291, routed)         0.946     2.336    FPGA_CLK_50MHZ_IBUF_BUFG
    SLICE_X6Y45          FDRE                                         r  rx_byte_reg[3]/C
                         clock pessimism             -0.518     1.818    
    SLICE_X6Y45          FDRE (Hold_fdre_C_D)         0.076     1.894    rx_byte_reg[3]
  -------------------------------------------------------------------
                         required time                         -1.894    
                         arrival time                           2.117    
  -------------------------------------------------------------------
                         slack                                  0.223    

Slack (MET) :             0.223ns  (arrival time - required time)
  Source:                 rx_baud_count_reg[0]/C
                            (rising edge-triggered cell FDRE clocked by FPGA_CLK_50MHZ  {rise@0.000ns fall@10.000ns period=20.000ns})
  Destination:            rx_baud_count_reg[0]/D
                            (rising edge-triggered cell FDRE clocked by FPGA_CLK_50MHZ  {rise@0.000ns fall@10.000ns period=20.000ns})
  Path Group:             FPGA_CLK_50MHZ
  Path Type:              Hold (Min at Fast Process Corner)
  Requirement:            0.000ns  (FPGA_CLK_50MHZ rise@0.000ns - FPGA_CLK_50MHZ rise@0.000ns)
  Data Path Delay:        0.315ns  (logic 0.186ns (58.955%)  route 0.129ns (41.045%))
  Logic Levels:           1  (LUT5=1)
  Clock Path Skew:        0.000ns (DCD - SCD - CPR)
    Destination Clock Delay (DCD):    2.305ns
    Source Clock Delay      (SCD):    1.776ns
    Clock Pessimism Removal (CPR):    0.529ns

    Location             Delay type                Incr(ns)  Path(ns)    Netlist Resource(s)
  -------------------------------------------------------------------    -------------------
                         (clock FPGA_CLK_50MHZ rise edge)
                                                      0.000     0.000 r  
    B8                                                0.000     0.000 r  FPGA_CLK_50MHZ (IN)
                         net (fo=0)                   0.000     0.000    FPGA_CLK_50MHZ
    B8                   IBUF (Prop_ibuf_I_O)         0.302     0.302 r  FPGA_CLK_50MHZ_IBUF_inst/O
                         net (fo=1, routed)           0.808     1.110    FPGA_CLK_50MHZ_IBUF
    BUFGCTRL_X0Y16       BUFG (Prop_bufg_I_O)         0.026     1.136 r  FPGA_CLK_50MHZ_IBUF_BUFG_inst/O
                         net (fo=291, routed)         0.640     1.776    FPGA_CLK_50MHZ_IBUF_BUFG
    SLICE_X9Y40          FDRE                                         r  rx_baud_count_reg[0]/C
  -------------------------------------------------------------------    -------------------
    SLICE_X9Y40          FDRE (Prop_fdre_C_Q)         0.141     1.917 f  rx_baud_count_reg[0]/Q
                         net (fo=4, routed)           0.129     2.046    rx_baud_count_reg_n_0_[0]
    SLICE_X9Y40          LUT5 (Prop_lut5_I4_O)        0.045     2.091 r  rx_baud_count[0]_i_1/O
                         net (fo=1, routed)           0.000     2.091    rx_baud_count[0]_i_1_n_0
    SLICE_X9Y40          FDRE                                         r  rx_baud_count_reg[0]/D
  -------------------------------------------------------------------    -------------------

                         (clock FPGA_CLK_50MHZ rise edge)
                                                      0.000     0.000 r  
    B8                                                0.000     0.000 r  FPGA_CLK_50MHZ (IN)
                         net (fo=0)                   0.000     0.000    FPGA_CLK_50MHZ
    B8                   IBUF (Prop_ibuf_I_O)         0.490     0.490 r  FPGA_CLK_50MHZ_IBUF_inst/O
                         net (fo=1, routed)           0.871     1.361    FPGA_CLK_50MHZ_IBUF
    BUFGCTRL_X0Y16       BUFG (Prop_bufg_I_O)         0.029     1.390 r  FPGA_CLK_50MHZ_IBUF_BUFG_inst/O
                         net (fo=291, routed)         0.915     2.305    FPGA_CLK_50MHZ_IBUF_BUFG
    SLICE_X9Y40          FDRE                                         r  rx_baud_count_reg[0]/C
                         clock pessimism             -0.529     1.776    
    SLICE_X9Y40          FDRE (Hold_fdre_C_D)         0.092     1.868    rx_baud_count_reg[0]
  -------------------------------------------------------------------
                         required time                         -1.868    
                         arrival time                           2.091    
  -------------------------------------------------------------------
                         slack                                  0.223    





Pulse Width Checks
--------------------------------------------------------------------------------------
Clock Name:         FPGA_CLK_50MHZ
Waveform(ns):       { 0.000 10.000 }
Period(ns):         20.000
Sources:            { FPGA_CLK_50MHZ }

Check Type        Corner  Lib Pin  Reference Pin  Required(ns)  Actual(ns)  Slack(ns)  Location        Pin
Min Period        n/a     BUFG/I   n/a            1.592         20.000      18.408     BUFGCTRL_X0Y16  FPGA_CLK_50MHZ_IBUF_BUFG_inst/I
Min Period        n/a     FDRE/C   n/a            1.000         20.000      19.000     SLICE_X8Y42     FSM_sequential_rx_state_reg[0]/C
Min Period        n/a     FDRE/C   n/a            1.000         20.000      19.000     SLICE_X8Y42     FSM_sequential_rx_state_reg[1]/C
Min Period        n/a     FDRE/C   n/a            1.000         20.000      19.000     SLICE_X1Y47     FSM_sequential_tx_state_reg[0]/C
Min Period        n/a     FDRE/C   n/a            1.000         20.000      19.000     SLICE_X0Y47     FSM_sequential_tx_state_reg[1]/C
Min Period        n/a     FDRE/C   n/a            1.000         20.000      19.000     SLICE_X0Y47     FSM_sequential_tx_state_reg[2]_inv/C
Min Period        n/a     FDSE/C   n/a            1.000         20.000      19.000     SLICE_X8Y51     channel_sel_reg[0]/C
Min Period        n/a     FDSE/C   n/a            1.000         20.000      19.000     SLICE_X8Y51     channel_sel_reg[1]/C
Min Period        n/a     FDSE/C   n/a            1.000         20.000      19.000     SLICE_X8Y51     channel_sel_reg[2]/C
Min Period        n/a     FDSE/C   n/a            1.000         20.000      19.000     SLICE_X8Y51     channel_sel_reg[3]/C
Low Pulse Width   Slow    FDRE/C   n/a            0.500         10.000      9.500      SLICE_X8Y42     FSM_sequential_rx_state_reg[0]/C
Low Pulse Width   Fast    FDRE/C   n/a            0.500         10.000      9.500      SLICE_X8Y42     FSM_sequential_rx_state_reg[0]/C
Low Pulse Width   Slow    FDRE/C   n/a            0.500         10.000      9.500      SLICE_X8Y42     FSM_sequential_rx_state_reg[1]/C
Low Pulse Width   Fast    FDRE/C   n/a            0.500         10.000      9.500      SLICE_X8Y42     FSM_sequential_rx_state_reg[1]/C
Low Pulse Width   Slow    FDRE/C   n/a            0.500         10.000      9.500      SLICE_X1Y47     FSM_sequential_tx_state_reg[0]/C
Low Pulse Width   Fast    FDRE/C   n/a            0.500         10.000      9.500      SLICE_X1Y47     FSM_sequential_tx_state_reg[0]/C
Low Pulse Width   Slow    FDRE/C   n/a            0.500         10.000      9.500      SLICE_X0Y47     FSM_sequential_tx_state_reg[1]/C
Low Pulse Width   Fast    FDRE/C   n/a            0.500         10.000      9.500      SLICE_X0Y47     FSM_sequential_tx_state_reg[1]/C
Low Pulse Width   Slow    FDRE/C   n/a            0.500         10.000      9.500      SLICE_X0Y47     FSM_sequential_tx_state_reg[2]_inv/C
Low Pulse Width   Fast    FDRE/C   n/a            0.500         10.000      9.500      SLICE_X0Y47     FSM_sequential_tx_state_reg[2]_inv/C
High Pulse Width  Slow    FDRE/C   n/a            0.500         10.000      9.500      SLICE_X8Y42     FSM_sequential_rx_state_reg[0]/C
High Pulse Width  Fast    FDRE/C   n/a            0.500         10.000      9.500      SLICE_X8Y42     FSM_sequential_rx_state_reg[0]/C
High Pulse Width  Slow    FDRE/C   n/a            0.500         10.000      9.500      SLICE_X8Y42     FSM_sequential_rx_state_reg[1]/C
High Pulse Width  Fast    FDRE/C   n/a            0.500         10.000      9.500      SLICE_X8Y42     FSM_sequential_rx_state_reg[1]/C
High Pulse Width  Slow    FDRE/C   n/a            0.500         10.000      9.500      SLICE_X1Y47     FSM_sequential_tx_state_reg[0]/C
High Pulse Width  Fast    FDRE/C   n/a            0.500         10.000      9.500      SLICE_X1Y47     FSM_sequential_tx_state_reg[0]/C
High Pulse Width  Slow    FDRE/C   n/a            0.500         10.000      9.500      SLICE_X0Y47     FSM_sequential_tx_state_reg[1]/C
High Pulse Width  Fast    FDRE/C   n/a            0.500         10.000      9.500      SLICE_X0Y47     FSM_sequential_tx_state_reg[1]/C
High Pulse Width  Slow    FDRE/C   n/a            0.500         10.000      9.500      SLICE_X0Y47     FSM_sequential_tx_state_reg[2]_inv/C
High Pulse Width  Fast    FDRE/C   n/a            0.500         10.000      9.500      SLICE_X0Y47     FSM_sequential_tx_state_reg[2]_inv/C



--------------------------------------------------------------------------------------
Path Group:  (none)
From Clock:  FPGA_CLK_50MHZ
  To Clock:  

Max Delay            50 Endpoints
Min Delay            50 Endpoints
--------------------------------------------------------------------------------------


Max Delay Paths
--------------------------------------------------------------------------------------
Slack:                    inf
  Source:                 latch_reg_reg[2][13]/C
                            (rising edge-triggered cell FDRE clocked by FPGA_CLK_50MHZ  {rise@0.000ns fall@10.000ns period=20.000ns})
  Destination:            F1_LD[13]
                            (output port)
  Path Group:             (none)
  Path Type:              Max at Slow Process Corner
  Data Path Delay:        10.080ns  (logic 3.774ns (37.441%)  route 6.306ns (62.559%))
  Logic Levels:           2  (LUT3=1 OBUF=1)
  Clock Uncertainty:      0.025ns  ((TSJ^2 + TIJ^2)^1/2 + DJ) / 2 + PE
    Total System Jitter     (TSJ):    0.050ns
    Total Input Jitter      (TIJ):    0.000ns
    Discrete Jitter          (DJ):    0.000ns
    Phase Error              (PE):    0.000ns

    Location             Delay type                Incr(ns)  Path(ns)    Netlist Resource(s)
  -------------------------------------------------------------------    -------------------
                         (clock FPGA_CLK_50MHZ rise edge)
                                                      0.000     0.000 r  
    B8                                                0.000     0.000 r  FPGA_CLK_50MHZ (IN)
                         net (fo=0)                   0.000     0.000    FPGA_CLK_50MHZ
    B8                   IBUF (Prop_ibuf_I_O)         1.466     1.466 r  FPGA_CLK_50MHZ_IBUF_inst/O
                         net (fo=1, routed)           1.982     3.448    FPGA_CLK_50MHZ_IBUF
    BUFGCTRL_X0Y16       BUFG (Prop_bufg_I_O)         0.081     3.529 r  FPGA_CLK_50MHZ_IBUF_BUFG_inst/O
                         net (fo=291, routed)         1.460     4.988    FPGA_CLK_50MHZ_IBUF_BUFG
    SLICE_X3Y57          FDRE                                         r  latch_reg_reg[2][13]/C
  -------------------------------------------------------------------    -------------------
    SLICE_X3Y57          FDRE (Prop_fdre_C_Q)         0.379     5.367 r  latch_reg_reg[2][13]/Q
                         net (fo=1, routed)           0.885     6.252    latch_reg_reg[2][13]
    SLICE_X3Y57          LUT3 (Prop_lut3_I1_O)        0.105     6.357 r  F1_LD_OBUF[13]_inst_i_1/O
                         net (fo=1, routed)           5.421    11.778    F1_LD_OBUF[13]
    C4                   OBUF (Prop_obuf_I_O)         3.290    15.068 r  F1_LD_OBUF[13]_inst/O
                         net (fo=0)                   0.000    15.068    F1_LD[13]
    C4                                                                r  F1_LD[13] (OUT)
  -------------------------------------------------------------------    -------------------

Slack:                    inf
  Source:                 latch_reg_reg[3][12]/C
                            (rising edge-triggered cell FDRE clocked by FPGA_CLK_50MHZ  {rise@0.000ns fall@10.000ns period=20.000ns})
  Destination:            F1_LD[12]
                            (output port)
  Path Group:             (none)
  Path Type:              Max at Slow Process Corner
  Data Path Delay:        9.927ns  (logic 3.753ns (37.805%)  route 6.174ns (62.195%))
  Logic Levels:           2  (LUT3=1 OBUF=1)
  Clock Uncertainty:      0.025ns  ((TSJ^2 + TIJ^2)^1/2 + DJ) / 2 + PE
    Total System Jitter     (TSJ):    0.050ns
    Total Input Jitter      (TIJ):    0.000ns
    Discrete Jitter          (DJ):    0.000ns
    Phase Error              (PE):    0.000ns

    Location             Delay type                Incr(ns)  Path(ns)    Netlist Resource(s)
  -------------------------------------------------------------------    -------------------
                         (clock FPGA_CLK_50MHZ rise edge)
                                                      0.000     0.000 r  
    B8                                                0.000     0.000 r  FPGA_CLK_50MHZ (IN)
                         net (fo=0)                   0.000     0.000    FPGA_CLK_50MHZ
    B8                   IBUF (Prop_ibuf_I_O)         1.466     1.466 r  FPGA_CLK_50MHZ_IBUF_inst/O
                         net (fo=1, routed)           1.982     3.448    FPGA_CLK_50MHZ_IBUF
    BUFGCTRL_X0Y16       BUFG (Prop_bufg_I_O)         0.081     3.529 r  FPGA_CLK_50MHZ_IBUF_BUFG_inst/O
                         net (fo=291, routed)         1.456     4.984    FPGA_CLK_50MHZ_IBUF_BUFG
    SLICE_X4Y58          FDRE                                         r  latch_reg_reg[3][12]/C
  -------------------------------------------------------------------    -------------------
    SLICE_X4Y58          FDRE (Prop_fdre_C_Q)         0.379     5.363 r  latch_reg_reg[3][12]/Q
                         net (fo=1, routed)           0.801     6.164    latch_reg_reg[3][12]
    SLICE_X5Y58          LUT3 (Prop_lut3_I2_O)        0.105     6.269 r  F1_LD_OBUF[12]_inst_i_1/O
                         net (fo=1, routed)           5.373    11.643    F1_LD_OBUF[12]
    D7                   OBUF (Prop_obuf_I_O)         3.269    14.912 r  F1_LD_OBUF[12]_inst/O
                         net (fo=0)                   0.000    14.912    F1_LD[12]
    D7                                                                r  F1_LD[12] (OUT)
  -------------------------------------------------------------------    -------------------

Slack:                    inf
  Source:                 latch_reg_reg[2][4]/C
                            (rising edge-triggered cell FDRE clocked by FPGA_CLK_50MHZ  {rise@0.000ns fall@10.000ns period=20.000ns})
  Destination:            F1_LD[4]
                            (output port)
  Path Group:             (none)
  Path Type:              Max at Slow Process Corner
  Data Path Delay:        9.896ns  (logic 3.776ns (38.158%)  route 6.120ns (61.842%))
  Logic Levels:           2  (LUT3=1 OBUF=1)
  Clock Uncertainty:      0.025ns  ((TSJ^2 + TIJ^2)^1/2 + DJ) / 2 + PE
    Total System Jitter     (TSJ):    0.050ns
    Total Input Jitter      (TIJ):    0.000ns
    Discrete Jitter          (DJ):    0.000ns
    Phase Error              (PE):    0.000ns

    Location             Delay type                Incr(ns)  Path(ns)    Netlist Resource(s)
  -------------------------------------------------------------------    -------------------
                         (clock FPGA_CLK_50MHZ rise edge)
                                                      0.000     0.000 r  
    B8                                                0.000     0.000 r  FPGA_CLK_50MHZ (IN)
                         net (fo=0)                   0.000     0.000    FPGA_CLK_50MHZ
    B8                   IBUF (Prop_ibuf_I_O)         1.466     1.466 r  FPGA_CLK_50MHZ_IBUF_inst/O
                         net (fo=1, routed)           1.982     3.448    FPGA_CLK_50MHZ_IBUF
    BUFGCTRL_X0Y16       BUFG (Prop_bufg_I_O)         0.081     3.529 r  FPGA_CLK_50MHZ_IBUF_BUFG_inst/O
                         net (fo=291, routed)         1.459     4.987    FPGA_CLK_50MHZ_IBUF_BUFG
    SLICE_X3Y58          FDRE                                         r  latch_reg_reg[2][4]/C
  -------------------------------------------------------------------    -------------------
    SLICE_X3Y58          FDRE (Prop_fdre_C_Q)         0.379     5.366 r  latch_reg_reg[2][4]/Q
                         net (fo=1, routed)           0.540     5.907    latch_reg_reg[2][4]
    SLICE_X3Y58          LUT3 (Prop_lut3_I1_O)        0.105     6.012 r  F1_LD_OBUF[4]_inst_i_1/O
                         net (fo=1, routed)           5.579    11.591    F1_LD_OBUF[4]
    B6                   OBUF (Prop_obuf_I_O)         3.292    14.883 r  F1_LD_OBUF[4]_inst/O
                         net (fo=0)                   0.000    14.883    F1_LD[4]
    B6                                                                r  F1_LD[4] (OUT)
  -------------------------------------------------------------------    -------------------

Slack:                    inf
  Source:                 latch_reg_reg[2][6]/C
                            (rising edge-triggered cell FDRE clocked by FPGA_CLK_50MHZ  {rise@0.000ns fall@10.000ns period=20.000ns})
  Destination:            F1_LD[6]
                            (output port)
  Path Group:             (none)
  Path Type:              Max at Slow Process Corner
  Data Path Delay:        9.875ns  (logic 3.774ns (38.220%)  route 6.101ns (61.780%))
  Logic Levels:           2  (LUT3=1 OBUF=1)
  Clock Uncertainty:      0.025ns  ((TSJ^2 + TIJ^2)^1/2 + DJ) / 2 + PE
    Total System Jitter     (TSJ):    0.050ns
    Total Input Jitter      (TIJ):    0.000ns
    Discrete Jitter          (DJ):    0.000ns
    Phase Error              (PE):    0.000ns

    Location             Delay type                Incr(ns)  Path(ns)    Netlist Resource(s)
  -------------------------------------------------------------------    -------------------
                         (clock FPGA_CLK_50MHZ rise edge)
                                                      0.000     0.000 r  
    B8                                                0.000     0.000 r  FPGA_CLK_50MHZ (IN)
                         net (fo=0)                   0.000     0.000    FPGA_CLK_50MHZ
    B8                   IBUF (Prop_ibuf_I_O)         1.466     1.466 r  FPGA_CLK_50MHZ_IBUF_inst/O
                         net (fo=1, routed)           1.982     3.448    FPGA_CLK_50MHZ_IBUF
    BUFGCTRL_X0Y16       BUFG (Prop_bufg_I_O)         0.081     3.529 r  FPGA_CLK_50MHZ_IBUF_BUFG_inst/O
                         net (fo=291, routed)         1.456     4.984    FPGA_CLK_50MHZ_IBUF_BUFG
    SLICE_X5Y59          FDRE                                         r  latch_reg_reg[2][6]/C
  -------------------------------------------------------------------    -------------------
    SLICE_X5Y59          FDRE (Prop_fdre_C_Q)         0.379     5.363 r  latch_reg_reg[2][6]/Q
                         net (fo=1, routed)           0.783     6.146    latch_reg_reg[2][6]
    SLICE_X6Y59          LUT3 (Prop_lut3_I1_O)        0.105     6.251 r  F1_LD_OBUF[6]_inst_i_1/O
                         net (fo=1, routed)           5.318    11.569    F1_LD_OBUF[6]
    A5                   OBUF (Prop_obuf_I_O)         3.290    14.859 r  F1_LD_OBUF[6]_inst/O
                         net (fo=0)                   0.000    14.859    F1_LD[6]
    A5                                                                r  F1_LD[6] (OUT)
  -------------------------------------------------------------------    -------------------

Slack:                    inf
  Source:                 latch_reg_reg[3][0]/C
                            (rising edge-triggered cell FDRE clocked by FPGA_CLK_50MHZ  {rise@0.000ns fall@10.000ns period=20.000ns})
  Destination:            F1_LD[0]
                            (output port)
  Path Group:             (none)
  Path Type:              Max at Slow Process Corner
  Data Path Delay:        9.923ns  (logic 3.714ns (37.424%)  route 6.209ns (62.576%))
  Logic Levels:           2  (LUT3=1 OBUF=1)
  Clock Uncertainty:      0.025ns  ((TSJ^2 + TIJ^2)^1/2 + DJ) / 2 + PE
    Total System Jitter     (TSJ):    0.050ns
    Total Input Jitter      (TIJ):    0.000ns
    Discrete Jitter          (DJ):    0.000ns
    Phase Error              (PE):    0.000ns

    Location             Delay type                Incr(ns)  Path(ns)    Netlist Resource(s)
  -------------------------------------------------------------------    -------------------
                         (clock FPGA_CLK_50MHZ rise edge)
                                                      0.000     0.000 r  
    B8                                                0.000     0.000 r  FPGA_CLK_50MHZ (IN)
                         net (fo=0)                   0.000     0.000    FPGA_CLK_50MHZ
    B8                   IBUF (Prop_ibuf_I_O)         1.466     1.466 r  FPGA_CLK_50MHZ_IBUF_inst/O
                         net (fo=1, routed)           1.982     3.448    FPGA_CLK_50MHZ_IBUF
    BUFGCTRL_X0Y16       BUFG (Prop_bufg_I_O)         0.081     3.529 r  FPGA_CLK_50MHZ_IBUF_BUFG_inst/O
                         net (fo=291, routed)         1.390     4.918    FPGA_CLK_50MHZ_IBUF_BUFG
    SLICE_X9Y57          FDRE                                         r  latch_reg_reg[3][0]/C
  -------------------------------------------------------------------    -------------------
    SLICE_X9Y57          FDRE (Prop_fdre_C_Q)         0.379     5.297 r  latch_reg_reg[3][0]/Q
                         net (fo=1, routed)           0.793     6.091    latch_reg_reg[3][0]
    SLICE_X10Y57         LUT3 (Prop_lut3_I2_O)        0.105     6.196 r  F1_LD_OBUF[0]_inst_i_1/O
                         net (fo=1, routed)           5.416    11.612    F1_LD_OBUF[0]
    F5                   OBUF (Prop_obuf_I_O)         3.230    14.841 r  F1_LD_OBUF[0]_inst/O
                         net (fo=0)                   0.000    14.841    F1_LD[0]
    F5                                                                r  F1_LD[0] (OUT)
  -------------------------------------------------------------------    -------------------

Slack:                    inf
  Source:                 latch_reg_reg[1][14]/C
                            (rising edge-triggered cell FDRE clocked by FPGA_CLK_50MHZ  {rise@0.000ns fall@10.000ns period=20.000ns})
  Destination:            F1_LD[14]
                            (output port)
  Path Group:             (none)
  Path Type:              Max at Slow Process Corner
  Data Path Delay:        9.814ns  (logic 3.778ns (38.496%)  route 6.036ns (61.504%))
  Logic Levels:           2  (LUT3=1 OBUF=1)
  Clock Uncertainty:      0.025ns  ((TSJ^2 + TIJ^2)^1/2 + DJ) / 2 + PE
    Total System Jitter     (TSJ):    0.050ns
    Total Input Jitter      (TIJ):    0.000ns
    Discrete Jitter          (DJ):    0.000ns
    Phase Error              (PE):    0.000ns

    Location             Delay type                Incr(ns)  Path(ns)    Netlist Resource(s)
  -------------------------------------------------------------------    -------------------
                         (clock FPGA_CLK_50MHZ rise edge)
                                                      0.000     0.000 r  
    B8                                                0.000     0.000 r  FPGA_CLK_50MHZ (IN)
                         net (fo=0)                   0.000     0.000    FPGA_CLK_50MHZ
    B8                   IBUF (Prop_ibuf_I_O)         1.466     1.466 r  FPGA_CLK_50MHZ_IBUF_inst/O
                         net (fo=1, routed)           1.982     3.448    FPGA_CLK_50MHZ_IBUF
    BUFGCTRL_X0Y16       BUFG (Prop_bufg_I_O)         0.081     3.529 r  FPGA_CLK_50MHZ_IBUF_BUFG_inst/O
                         net (fo=291, routed)         1.456     4.984    FPGA_CLK_50MHZ_IBUF_BUFG
    SLICE_X5Y59          FDRE                                         r  latch_reg_reg[1][14]/C
  -------------------------------------------------------------------    -------------------
    SLICE_X5Y59          FDRE (Prop_fdre_C_Q)         0.379     5.363 r  latch_reg_reg[1][14]/Q
                         net (fo=1, routed)           0.782     6.146    latch_reg_reg[1][14]
    SLICE_X6Y59          LUT3 (Prop_lut3_I0_O)        0.105     6.251 r  F1_LD_OBUF[14]_inst_i_1/O
                         net (fo=1, routed)           5.253    11.504    F1_LD_OBUF[14]
    B4                   OBUF (Prop_obuf_I_O)         3.294    14.798 r  F1_LD_OBUF[14]_inst/O
                         net (fo=0)                   0.000    14.798    F1_LD[14]
    B4                                                                r  F1_LD[14] (OUT)
  -------------------------------------------------------------------    -------------------

Slack:                    inf
  Source:                 latch_reg_reg[2][3]/C
                            (rising edge-triggered cell FDRE clocked by FPGA_CLK_50MHZ  {rise@0.000ns fall@10.000ns period=20.000ns})
  Destination:            F1_LD[3]
                            (output port)
  Path Group:             (none)
  Path Type:              Max at Slow Process Corner
  Data Path Delay:        9.846ns  (logic 3.777ns (38.358%)  route 6.069ns (61.642%))
  Logic Levels:           2  (LUT3=1 OBUF=1)
  Clock Uncertainty:      0.025ns  ((TSJ^2 + TIJ^2)^1/2 + DJ) / 2 + PE
    Total System Jitter     (TSJ):    0.050ns
    Total Input Jitter      (TIJ):    0.000ns
    Discrete Jitter          (DJ):    0.000ns
    Phase Error              (PE):    0.000ns

    Location             Delay type                Incr(ns)  Path(ns)    Netlist Resource(s)
  -------------------------------------------------------------------    -------------------
                         (clock FPGA_CLK_50MHZ rise edge)
                                                      0.000     0.000 r  
    B8                                                0.000     0.000 r  FPGA_CLK_50MHZ (IN)
                         net (fo=0)                   0.000     0.000    FPGA_CLK_50MHZ
    B8                   IBUF (Prop_ibuf_I_O)         1.466     1.466 r  FPGA_CLK_50MHZ_IBUF_inst/O
                         net (fo=1, routed)           1.982     3.448    FPGA_CLK_50MHZ_IBUF
    BUFGCTRL_X0Y16       BUFG (Prop_bufg_I_O)         0.081     3.529 r  FPGA_CLK_50MHZ_IBUF_BUFG_inst/O
                         net (fo=291, routed)         1.391     4.919    FPGA_CLK_50MHZ_IBUF_BUFG
    SLICE_X9Y53          FDRE                                         r  latch_reg_reg[2][3]/C
  -------------------------------------------------------------------    -------------------
    SLICE_X9Y53          FDRE (Prop_fdre_C_Q)         0.379     5.298 r  latch_reg_reg[2][3]/Q
                         net (fo=1, routed)           0.540     5.839    latch_reg_reg[2][3]
    SLICE_X9Y53          LUT3 (Prop_lut3_I1_O)        0.105     5.944 r  F1_LD_OBUF[3]_inst_i_1/O
                         net (fo=1, routed)           5.529    11.472    F1_LD_OBUF[3]
    B7                   OBUF (Prop_obuf_I_O)         3.293    14.765 r  F1_LD_OBUF[3]_inst/O
                         net (fo=0)                   0.000    14.765    F1_LD[3]
    B7                                                                r  F1_LD[3] (OUT)
  -------------------------------------------------------------------    -------------------

Slack:                    inf
  Source:                 latch_reg_reg[1][5]/C
                            (rising edge-triggered cell FDRE clocked by FPGA_CLK_50MHZ  {rise@0.000ns fall@10.000ns period=20.000ns})
  Destination:            F1_LD[5]
                            (output port)
  Path Group:             (none)
  Path Type:              Max at Slow Process Corner
  Data Path Delay:        9.776ns  (logic 3.776ns (38.625%)  route 6.000ns (61.375%))
  Logic Levels:           2  (LUT3=1 OBUF=1)
  Clock Uncertainty:      0.025ns  ((TSJ^2 + TIJ^2)^1/2 + DJ) / 2 + PE
    Total System Jitter     (TSJ):    0.050ns
    Total Input Jitter      (TIJ):    0.000ns
    Discrete Jitter          (DJ):    0.000ns
    Phase Error              (PE):    0.000ns

    Location             Delay type                Incr(ns)  Path(ns)    Netlist Resource(s)
  -------------------------------------------------------------------    -------------------
                         (clock FPGA_CLK_50MHZ rise edge)
                                                      0.000     0.000 r  
    B8                                                0.000     0.000 r  FPGA_CLK_50MHZ (IN)
                         net (fo=0)                   0.000     0.000    FPGA_CLK_50MHZ
    B8                   IBUF (Prop_ibuf_I_O)         1.466     1.466 r  FPGA_CLK_50MHZ_IBUF_inst/O
                         net (fo=1, routed)           1.982     3.448    FPGA_CLK_50MHZ_IBUF
    BUFGCTRL_X0Y16       BUFG (Prop_bufg_I_O)         0.081     3.529 r  FPGA_CLK_50MHZ_IBUF_BUFG_inst/O
                         net (fo=291, routed)         1.460     4.988    FPGA_CLK_50MHZ_IBUF_BUFG
    SLICE_X3Y57          FDRE                                         r  latch_reg_reg[1][5]/C
  -------------------------------------------------------------------    -------------------
    SLICE_X3Y57          FDRE (Prop_fdre_C_Q)         0.379     5.367 r  latch_reg_reg[1][5]/Q
                         net (fo=1, routed)           0.540     5.908    latch_reg_reg[1][5]
    SLICE_X3Y57          LUT3 (Prop_lut3_I0_O)        0.105     6.013 r  F1_LD_OBUF[5]_inst_i_1/O
                         net (fo=1, routed)           5.460    11.473    F1_LD_OBUF[5]
    A6                   OBUF (Prop_obuf_I_O)         3.292    14.765 r  F1_LD_OBUF[5]_inst/O
                         net (fo=0)                   0.000    14.765    F1_LD[5]
    A6                                                                r  F1_LD[5] (OUT)
  -------------------------------------------------------------------    -------------------

Slack:                    inf
  Source:                 latch_reg_reg[3][2]/C
                            (rising edge-triggered cell FDRE clocked by FPGA_CLK_50MHZ  {rise@0.000ns fall@10.000ns period=20.000ns})
  Destination:            F1_LD[2]
                            (output port)
  Path Group:             (none)
  Path Type:              Max at Slow Process Corner
  Data Path Delay:        9.762ns  (logic 3.765ns (38.564%)  route 5.998ns (61.436%))
  Logic Levels:           2  (LUT3=1 OBUF=1)
  Clock Uncertainty:      0.025ns  ((TSJ^2 + TIJ^2)^1/2 + DJ) / 2 + PE
    Total System Jitter     (TSJ):    0.050ns
    Total Input Jitter      (TIJ):    0.000ns
    Discrete Jitter          (DJ):    0.000ns
    Phase Error              (PE):    0.000ns

    Location             Delay type                Incr(ns)  Path(ns)    Netlist Resource(s)
  -------------------------------------------------------------------    -------------------
                         (clock FPGA_CLK_50MHZ rise edge)
                                                      0.000     0.000 r  
    B8                                                0.000     0.000 r  FPGA_CLK_50MHZ (IN)
                         net (fo=0)                   0.000     0.000    FPGA_CLK_50MHZ
    B8                   IBUF (Prop_ibuf_I_O)         1.466     1.466 r  FPGA_CLK_50MHZ_IBUF_inst/O
                         net (fo=1, routed)           1.982     3.448    FPGA_CLK_50MHZ_IBUF
    BUFGCTRL_X0Y16       BUFG (Prop_bufg_I_O)         0.081     3.529 r  FPGA_CLK_50MHZ_IBUF_BUFG_inst/O
                         net (fo=291, routed)         1.392     4.920    FPGA_CLK_50MHZ_IBUF_BUFG
    SLICE_X11Y55         FDRE                                         r  latch_reg_reg[3][2]/C
  -------------------------------------------------------------------    -------------------
    SLICE_X11Y55         FDRE (Prop_fdre_C_Q)         0.379     5.299 r  latch_reg_reg[3][2]/Q
                         net (fo=1, routed)           0.542     5.842    latch_reg_reg[3][2]
    SLICE_X11Y55         LUT3 (Prop_lut3_I2_O)        0.105     5.947 r  F1_LD_OBUF[2]_inst_i_1/O
                         net (fo=1, routed)           5.455    11.402    F1_LD_OBUF[2]
    C5                   OBUF (Prop_obuf_I_O)         3.281    14.683 r  F1_LD_OBUF[2]_inst/O
                         net (fo=0)                   0.000    14.683    F1_LD[2]
    C5                                                                r  F1_LD[2] (OUT)
  -------------------------------------------------------------------    -------------------

Slack:                    inf
  Source:                 latch_reg_reg[4][6]/C
                            (rising edge-triggered cell FDRE clocked by FPGA_CLK_50MHZ  {rise@0.000ns fall@10.000ns period=20.000ns})
  Destination:            F2_LD[6]
                            (output port)
  Path Group:             (none)
  Path Type:              Max at Slow Process Corner
  Data Path Delay:        9.662ns  (logic 3.872ns (40.075%)  route 5.790ns (59.925%))
  Logic Levels:           2  (LUT3=1 OBUF=1)
  Clock Uncertainty:      0.025ns  ((TSJ^2 + TIJ^2)^1/2 + DJ) / 2 + PE
    Total System Jitter     (TSJ):    0.050ns
    Total Input Jitter      (TIJ):    0.000ns
    Discrete Jitter          (DJ):    0.000ns
    Phase Error              (PE):    0.000ns

    Location             Delay type                Incr(ns)  Path(ns)    Netlist Resource(s)
  -------------------------------------------------------------------    -------------------
                         (clock FPGA_CLK_50MHZ rise edge)
                                                      0.000     0.000 r  
    B8                                                0.000     0.000 r  FPGA_CLK_50MHZ (IN)
                         net (fo=0)                   0.000     0.000    FPGA_CLK_50MHZ
    B8                   IBUF (Prop_ibuf_I_O)         1.466     1.466 r  FPGA_CLK_50MHZ_IBUF_inst/O
                         net (fo=1, routed)           1.982     3.448    FPGA_CLK_50MHZ_IBUF
    BUFGCTRL_X0Y16       BUFG (Prop_bufg_I_O)         0.081     3.529 r  FPGA_CLK_50MHZ_IBUF_BUFG_inst/O
                         net (fo=291, routed)         1.456     4.984    FPGA_CLK_50MHZ_IBUF_BUFG
    SLICE_X5Y59          FDRE                                         r  latch_reg_reg[4][6]/C
  -------------------------------------------------------------------    -------------------
    SLICE_X5Y59          FDRE (Prop_fdre_C_Q)         0.348     5.332 r  latch_reg_reg[4][6]/Q
                         net (fo=1, routed)           0.810     6.142    latch_reg_reg[4][6]
    SLICE_X6Y59          LUT3 (Prop_lut3_I0_O)        0.242     6.384 r  F2_LD_OBUF[6]_inst_i_1/O
                         net (fo=1, routed)           4.980    11.365    F2_LD_OBUF[6]
    E3                   OBUF (Prop_obuf_I_O)         3.282    14.647 r  F2_LD_OBUF[6]_inst/O
                         net (fo=0)                   0.000    14.647    F2_LD[6]
    E3                                                                r  F2_LD[6] (OUT)
  -------------------------------------------------------------------    -------------------





Min Delay Paths
--------------------------------------------------------------------------------------
Slack:                    inf
  Source:                 tx_busy_reg/C
                            (rising edge-triggered cell FDRE clocked by FPGA_CLK_50MHZ  {rise@0.000ns fall@10.000ns period=20.000ns})
  Destination:            FP_STS2
                            (output port)
  Path Group:             (none)
  Path Type:              Min at Fast Process Corner
  Data Path Delay:        1.861ns  (logic 1.418ns (76.220%)  route 0.443ns (23.780%))
  Logic Levels:           1  (OBUF=1)
  Clock Uncertainty:      0.025ns  ((TSJ^2 + TIJ^2)^1/2 + DJ) / 2 + PE
    Total System Jitter     (TSJ):    0.050ns
    Total Input Jitter      (TIJ):    0.000ns
    Discrete Jitter          (DJ):    0.000ns
    Phase Error              (PE):    0.000ns

    Location             Delay type                Incr(ns)  Path(ns)    Netlist Resource(s)
  -------------------------------------------------------------------    -------------------
                         (clock FPGA_CLK_50MHZ rise edge)
                                                      0.000     0.000 r  
    B8                                                0.000     0.000 r  FPGA_CLK_50MHZ (IN)
                         net (fo=0)                   0.000     0.000    FPGA_CLK_50MHZ
    B8                   IBUF (Prop_ibuf_I_O)         0.302     0.302 r  FPGA_CLK_50MHZ_IBUF_inst/O
                         net (fo=1, routed)           0.808     1.110    FPGA_CLK_50MHZ_IBUF
    BUFGCTRL_X0Y16       BUFG (Prop_bufg_I_O)         0.026     1.136 r  FPGA_CLK_50MHZ_IBUF_BUFG_inst/O
                         net (fo=291, routed)         0.671     1.807    FPGA_CLK_50MHZ_IBUF_BUFG
    SLICE_X1Y47          FDRE                                         r  tx_busy_reg/C
  -------------------------------------------------------------------    -------------------
    SLICE_X1Y47          FDRE (Prop_fdre_C_Q)         0.141     1.948 r  tx_busy_reg/Q
                         net (fo=6, routed)           0.443     2.390    FP_STS2_OBUF
    T10                  OBUF (Prop_obuf_I_O)         1.277     3.668 r  FP_STS2_OBUF_inst/O
                         net (fo=0)                   0.000     3.668    FP_STS2
    T10                                                               r  FP_STS2 (OUT)
  -------------------------------------------------------------------    -------------------

Slack:                    inf
  Source:                 tx_line_reg/C
                            (rising edge-triggered cell FDRE clocked by FPGA_CLK_50MHZ  {rise@0.000ns fall@10.000ns period=20.000ns})
  Destination:            RS422_TX
                            (output port)
  Path Group:             (none)
  Path Type:              Min at Fast Process Corner
  Data Path Delay:        2.090ns  (logic 1.375ns (65.810%)  route 0.715ns (34.190%))
  Logic Levels:           1  (OBUF=1)
  Clock Uncertainty:      0.025ns  ((TSJ^2 + TIJ^2)^1/2 + DJ) / 2 + PE
    Total System Jitter     (TSJ):    0.050ns
    Total Input Jitter      (TIJ):    0.000ns
    Discrete Jitter          (DJ):    0.000ns
    Phase Error              (PE):    0.000ns

    Location             Delay type                Incr(ns)  Path(ns)    Netlist Resource(s)
  -------------------------------------------------------------------    -------------------
                         (clock FPGA_CLK_50MHZ rise edge)
                                                      0.000     0.000 r  
    B8                                                0.000     0.000 r  FPGA_CLK_50MHZ (IN)
                         net (fo=0)                   0.000     0.000    FPGA_CLK_50MHZ
    B8                   IBUF (Prop_ibuf_I_O)         0.302     0.302 r  FPGA_CLK_50MHZ_IBUF_inst/O
                         net (fo=1, routed)           0.808     1.110    FPGA_CLK_50MHZ_IBUF
    BUFGCTRL_X0Y16       BUFG (Prop_bufg_I_O)         0.026     1.136 r  FPGA_CLK_50MHZ_IBUF_BUFG_inst/O
                         net (fo=291, routed)         0.671     1.807    FPGA_CLK_50MHZ_IBUF_BUFG
    SLICE_X0Y48          FDRE                                         r  tx_line_reg/C
  -------------------------------------------------------------------    -------------------
    SLICE_X0Y48          FDRE (Prop_fdre_C_Q)         0.141     1.948 r  tx_line_reg/Q
                         net (fo=1, routed)           0.715     2.662    RS422_TX_OBUF
    P15                  OBUF (Prop_obuf_I_O)         1.234     3.897 r  RS422_TX_OBUF_inst/O
                         net (fo=0)                   0.000     3.897    RS422_TX
    P15                                                               r  RS422_TX (OUT)
  -------------------------------------------------------------------    -------------------

Slack:                    inf
  Source:                 latch_reg_reg[7][10]/C
                            (rising edge-triggered cell FDRE clocked by FPGA_CLK_50MHZ  {rise@0.000ns fall@10.000ns period=20.000ns})
  Destination:            F3_LD[10]
                            (output port)
  Path Group:             (none)
  Path Type:              Min at Fast Process Corner
  Data Path Delay:        3.220ns  (logic 1.402ns (43.545%)  route 1.818ns (56.455%))
  Logic Levels:           2  (LUT4=1 OBUF=1)
  Clock Uncertainty:      0.025ns  ((TSJ^2 + TIJ^2)^1/2 + DJ) / 2 + PE
    Total System Jitter     (TSJ):    0.050ns
    Total Input Jitter      (TIJ):    0.000ns
    Discrete Jitter          (DJ):    0.000ns
    Phase Error              (PE):    0.000ns

    Location             Delay type                Incr(ns)  Path(ns)    Netlist Resource(s)
  -------------------------------------------------------------------    -------------------
                         (clock FPGA_CLK_50MHZ rise edge)
                                                      0.000     0.000 r  
    B8                                                0.000     0.000 r  FPGA_CLK_50MHZ (IN)
                         net (fo=0)                   0.000     0.000    FPGA_CLK_50MHZ
    B8                   IBUF (Prop_ibuf_I_O)         0.302     0.302 r  FPGA_CLK_50MHZ_IBUF_inst/O
                         net (fo=1, routed)           0.808     1.110    FPGA_CLK_50MHZ_IBUF
    BUFGCTRL_X0Y16       BUFG (Prop_bufg_I_O)         0.026     1.136 r  FPGA_CLK_50MHZ_IBUF_BUFG_inst/O
                         net (fo=291, routed)         0.575     1.710    FPGA_CLK_50MHZ_IBUF_BUFG
    SLICE_X9Y54          FDRE                                         r  latch_reg_reg[7][10]/C
  -------------------------------------------------------------------    -------------------
    SLICE_X9Y54          FDRE (Prop_fdre_C_Q)         0.141     1.851 r  latch_reg_reg[7][10]/Q
                         net (fo=1, routed)           0.121     1.973    latch_reg_reg[7][10]
    SLICE_X8Y54          LUT4 (Prop_lut4_I1_O)        0.045     2.018 r  F3_LD_OBUF[10]_inst_i_1/O
                         net (fo=1, routed)           1.696     3.714    F3_LD_OBUF[10]
    J2                   OBUF (Prop_obuf_I_O)         1.216     4.930 r  F3_LD_OBUF[10]_inst/O
                         net (fo=0)                   0.000     4.930    F3_LD[10]
    J2                                                                r  F3_LD[10] (OUT)
  -------------------------------------------------------------------    -------------------

Slack:                    inf
  Source:                 latch_reg_reg[8][9]/C
                            (rising edge-triggered cell FDRE clocked by FPGA_CLK_50MHZ  {rise@0.000ns fall@10.000ns period=20.000ns})
  Destination:            F3_LD[9]
                            (output port)
  Path Group:             (none)
  Path Type:              Min at Fast Process Corner
  Data Path Delay:        3.491ns  (logic 1.419ns (40.629%)  route 2.073ns (59.371%))
  Logic Levels:           2  (LUT4=1 OBUF=1)
  Clock Uncertainty:      0.025ns  ((TSJ^2 + TIJ^2)^1/2 + DJ) / 2 + PE
    Total System Jitter     (TSJ):    0.050ns
    Total Input Jitter      (TIJ):    0.000ns
    Discrete Jitter          (DJ):    0.000ns
    Phase Error              (PE):    0.000ns

    Location             Delay type                Incr(ns)  Path(ns)    Netlist Resource(s)
  -------------------------------------------------------------------    -------------------
                         (clock FPGA_CLK_50MHZ rise edge)
                                                      0.000     0.000 r  
    B8                                                0.000     0.000 r  FPGA_CLK_50MHZ (IN)
                         net (fo=0)                   0.000     0.000    FPGA_CLK_50MHZ
    B8                   IBUF (Prop_ibuf_I_O)         0.302     0.302 r  FPGA_CLK_50MHZ_IBUF_inst/O
                         net (fo=1, routed)           0.808     1.110    FPGA_CLK_50MHZ_IBUF
    BUFGCTRL_X0Y16       BUFG (Prop_bufg_I_O)         0.026     1.136 r  FPGA_CLK_50MHZ_IBUF_BUFG_inst/O
                         net (fo=291, routed)         0.575     1.710    FPGA_CLK_50MHZ_IBUF_BUFG
    SLICE_X8Y56          FDRE                                         r  latch_reg_reg[8][9]/C
  -------------------------------------------------------------------    -------------------
    SLICE_X8Y56          FDRE (Prop_fdre_C_Q)         0.164     1.874 r  latch_reg_reg[8][9]/Q
                         net (fo=1, routed)           0.133     2.007    latch_reg_reg[8][9]
    SLICE_X8Y56          LUT4 (Prop_lut4_I2_O)        0.045     2.052 r  F3_LD_OBUF[9]_inst_i_1/O
                         net (fo=1, routed)           1.940     3.992    F3_LD_OBUF[9]
    J3                   OBUF (Prop_obuf_I_O)         1.210     5.202 r  F3_LD_OBUF[9]_inst/O
                         net (fo=0)                   0.000     5.202    F3_LD[9]
    J3                                                                r  F3_LD[9] (OUT)
  -------------------------------------------------------------------    -------------------

Slack:                    inf
  Source:                 latch_reg_reg[7][11]/C
                            (rising edge-triggered cell FDRE clocked by FPGA_CLK_50MHZ  {rise@0.000ns fall@10.000ns period=20.000ns})
  Destination:            F3_LD[11]
                            (output port)
  Path Group:             (none)
  Path Type:              Min at Fast Process Corner
  Data Path Delay:        3.579ns  (logic 1.405ns (39.246%)  route 2.174ns (60.754%))
  Logic Levels:           2  (LUT4=1 OBUF=1)
  Clock Uncertainty:      0.025ns  ((TSJ^2 + TIJ^2)^1/2 + DJ) / 2 + PE
    Total System Jitter     (TSJ):    0.050ns
    Total Input Jitter      (TIJ):    0.000ns
    Discrete Jitter          (DJ):    0.000ns
    Phase Error              (PE):    0.000ns

    Location             Delay type                Incr(ns)  Path(ns)    Netlist Resource(s)
  -------------------------------------------------------------------    -------------------
                         (clock FPGA_CLK_50MHZ rise edge)
                                                      0.000     0.000 r  
    B8                                                0.000     0.000 r  FPGA_CLK_50MHZ (IN)
                         net (fo=0)                   0.000     0.000    FPGA_CLK_50MHZ
    B8                   IBUF (Prop_ibuf_I_O)         0.302     0.302 r  FPGA_CLK_50MHZ_IBUF_inst/O
                         net (fo=1, routed)           0.808     1.110    FPGA_CLK_50MHZ_IBUF
    BUFGCTRL_X0Y16       BUFG (Prop_bufg_I_O)         0.026     1.136 r  FPGA_CLK_50MHZ_IBUF_BUFG_inst/O
                         net (fo=291, routed)         0.575     1.710    FPGA_CLK_50MHZ_IBUF_BUFG
    SLICE_X9Y53          FDRE                                         r  latch_reg_reg[7][11]/C
  -------------------------------------------------------------------    -------------------
    SLICE_X9Y53          FDRE (Prop_fdre_C_Q)         0.141     1.851 r  latch_reg_reg[7][11]/Q
                         net (fo=1, routed)           0.055     1.907    latch_reg_reg[7][11]
    SLICE_X8Y53          LUT4 (Prop_lut4_I1_O)        0.045     1.952 r  F3_LD_OBUF[11]_inst_i_1/O
                         net (fo=1, routed)           2.119     4.071    F3_LD_OBUF[11]
    K2                   OBUF (Prop_obuf_I_O)         1.219     5.289 r  F3_LD_OBUF[11]_inst/O
                         net (fo=0)                   0.000     5.289    F3_LD[11]
    K2                                                                r  F3_LD[11] (OUT)
  -------------------------------------------------------------------    -------------------

Slack:                    inf
  Source:                 latch_reg_reg[9][8]/C
                            (rising edge-triggered cell FDRE clocked by FPGA_CLK_50MHZ  {rise@0.000ns fall@10.000ns period=20.000ns})
  Destination:            F3_LD[8]
                            (output port)
  Path Group:             (none)
  Path Type:              Min at Fast Process Corner
  Data Path Delay:        3.583ns  (logic 1.402ns (39.142%)  route 2.181ns (60.858%))
  Logic Levels:           2  (LUT4=1 OBUF=1)
  Clock Uncertainty:      0.025ns  ((TSJ^2 + TIJ^2)^1/2 + DJ) / 2 + PE
    Total System Jitter     (TSJ):    0.050ns
    Total Input Jitter      (TIJ):    0.000ns
    Discrete Jitter          (DJ):    0.000ns
    Phase Error              (PE):    0.000ns

    Location             Delay type                Incr(ns)  Path(ns)    Netlist Resource(s)
  -------------------------------------------------------------------    -------------------
                         (clock FPGA_CLK_50MHZ rise edge)
                                                      0.000     0.000 r  
    B8                                                0.000     0.000 r  FPGA_CLK_50MHZ (IN)
                         net (fo=0)                   0.000     0.000    FPGA_CLK_50MHZ
    B8                   IBUF (Prop_ibuf_I_O)         0.302     0.302 r  FPGA_CLK_50MHZ_IBUF_inst/O
                         net (fo=1, routed)           0.808     1.110    FPGA_CLK_50MHZ_IBUF
    BUFGCTRL_X0Y16       BUFG (Prop_bufg_I_O)         0.026     1.136 r  FPGA_CLK_50MHZ_IBUF_BUFG_inst/O
                         net (fo=291, routed)         0.574     1.709    FPGA_CLK_50MHZ_IBUF_BUFG
    SLICE_X9Y57          FDRE                                         r  latch_reg_reg[9][8]/C
  -------------------------------------------------------------------    -------------------
    SLICE_X9Y57          FDRE (Prop_fdre_C_Q)         0.141     1.850 r  latch_reg_reg[9][8]/Q
                         net (fo=1, routed)           0.137     1.987    latch_reg_reg[9][8]
    SLICE_X9Y57          LUT4 (Prop_lut4_I3_O)        0.045     2.032 r  F3_LD_OBUF[8]_inst_i_1/O
                         net (fo=1, routed)           2.044     4.076    F3_LD_OBUF[8]
    H4                   OBUF (Prop_obuf_I_O)         1.216     5.292 r  F3_LD_OBUF[8]_inst/O
                         net (fo=0)                   0.000     5.292    F3_LD[8]
    H4                                                                r  F3_LD[8] (OUT)
  -------------------------------------------------------------------    -------------------

Slack:                    inf
  Source:                 latch_reg_reg[5][13]/C
                            (rising edge-triggered cell FDRE clocked by FPGA_CLK_50MHZ  {rise@0.000ns fall@10.000ns period=20.000ns})
  Destination:            F2_LD[13]
                            (output port)
  Path Group:             (none)
  Path Type:              Min at Fast Process Corner
  Data Path Delay:        3.569ns  (logic 1.409ns (39.482%)  route 2.160ns (60.518%))
  Logic Levels:           2  (LUT3=1 OBUF=1)
  Clock Uncertainty:      0.025ns  ((TSJ^2 + TIJ^2)^1/2 + DJ) / 2 + PE
    Total System Jitter     (TSJ):    0.050ns
    Total Input Jitter      (TIJ):    0.000ns
    Discrete Jitter          (DJ):    0.000ns
    Phase Error              (PE):    0.000ns

    Location             Delay type                Incr(ns)  Path(ns)    Netlist Resource(s)
  -------------------------------------------------------------------    -------------------
                         (clock FPGA_CLK_50MHZ rise edge)
                                                      0.000     0.000 r  
    B8                                                0.000     0.000 r  FPGA_CLK_50MHZ (IN)
                         net (fo=0)                   0.000     0.000    FPGA_CLK_50MHZ
    B8                   IBUF (Prop_ibuf_I_O)         0.302     0.302 r  FPGA_CLK_50MHZ_IBUF_inst/O
                         net (fo=1, routed)           0.808     1.110    FPGA_CLK_50MHZ_IBUF
    BUFGCTRL_X0Y16       BUFG (Prop_bufg_I_O)         0.026     1.136 r  FPGA_CLK_50MHZ_IBUF_BUFG_inst/O
                         net (fo=291, routed)         0.602     1.737    FPGA_CLK_50MHZ_IBUF_BUFG
    SLICE_X4Y57          FDRE                                         r  latch_reg_reg[5][13]/C
  -------------------------------------------------------------------    -------------------
    SLICE_X4Y57          FDRE (Prop_fdre_C_Q)         0.141     1.878 r  latch_reg_reg[5][13]/Q
                         net (fo=1, routed)           0.139     2.018    latch_reg_reg[5][13]
    SLICE_X5Y57          LUT3 (Prop_lut3_I1_O)        0.045     2.063 r  F2_LD_OBUF[13]_inst_i_1/O
                         net (fo=1, routed)           2.021     4.084    F2_LD_OBUF[13]
    G2                   OBUF (Prop_obuf_I_O)         1.223     5.307 r  F2_LD_OBUF[13]_inst/O
                         net (fo=0)                   0.000     5.307    F2_LD[13]
    G2                                                                r  F2_LD[13] (OUT)
  -------------------------------------------------------------------    -------------------

Slack:                    inf
  Source:                 latch_reg_reg[7][1]/C
                            (rising edge-triggered cell FDRE clocked by FPGA_CLK_50MHZ  {rise@0.000ns fall@10.000ns period=20.000ns})
  Destination:            F3_LD[1]
                            (output port)
  Path Group:             (none)
  Path Type:              Min at Fast Process Corner
  Data Path Delay:        3.605ns  (logic 1.446ns (40.109%)  route 2.159ns (59.891%))
  Logic Levels:           2  (LUT4=1 OBUF=1)
  Clock Uncertainty:      0.025ns  ((TSJ^2 + TIJ^2)^1/2 + DJ) / 2 + PE
    Total System Jitter     (TSJ):    0.050ns
    Total Input Jitter      (TIJ):    0.000ns
    Discrete Jitter          (DJ):    0.000ns
    Phase Error              (PE):    0.000ns

    Location             Delay type                Incr(ns)  Path(ns)    Netlist Resource(s)
  -------------------------------------------------------------------    -------------------
                         (clock FPGA_CLK_50MHZ rise edge)
                                                      0.000     0.000 r  
    B8                                                0.000     0.000 r  FPGA_CLK_50MHZ (IN)
                         net (fo=0)                   0.000     0.000    FPGA_CLK_50MHZ
    B8                   IBUF (Prop_ibuf_I_O)         0.302     0.302 r  FPGA_CLK_50MHZ_IBUF_inst/O
                         net (fo=1, routed)           0.808     1.110    FPGA_CLK_50MHZ_IBUF
    BUFGCTRL_X0Y16       BUFG (Prop_bufg_I_O)         0.026     1.136 r  FPGA_CLK_50MHZ_IBUF_BUFG_inst/O
                         net (fo=291, routed)         0.575     1.710    FPGA_CLK_50MHZ_IBUF_BUFG
    SLICE_X10Y56         FDRE                                         r  latch_reg_reg[7][1]/C
  -------------------------------------------------------------------    -------------------
    SLICE_X10Y56         FDRE (Prop_fdre_C_Q)         0.164     1.874 r  latch_reg_reg[7][1]/Q
                         net (fo=1, routed)           0.050     1.925    latch_reg_reg[7][1]
    SLICE_X11Y56         LUT4 (Prop_lut4_I1_O)        0.045     1.970 r  F3_LD_OBUF[1]_inst_i_1/O
                         net (fo=1, routed)           2.109     4.079    F3_LD_OBUF[1]
    F1                   OBUF (Prop_obuf_I_O)         1.237     5.316 r  F3_LD_OBUF[1]_inst/O
                         net (fo=0)                   0.000     5.316    F3_LD[1]
    F1                                                                r  F3_LD[1] (OUT)
  -------------------------------------------------------------------    -------------------

Slack:                    inf
  Source:                 latch_reg_reg[6][8]/C
                            (rising edge-triggered cell FDRE clocked by FPGA_CLK_50MHZ  {rise@0.000ns fall@10.000ns period=20.000ns})
  Destination:            F2_LD[8]
                            (output port)
  Path Group:             (none)
  Path Type:              Min at Fast Process Corner
  Data Path Delay:        3.701ns  (logic 1.414ns (38.193%)  route 2.287ns (61.807%))
  Logic Levels:           2  (LUT3=1 OBUF=1)
  Clock Uncertainty:      0.025ns  ((TSJ^2 + TIJ^2)^1/2 + DJ) / 2 + PE
    Total System Jitter     (TSJ):    0.050ns
    Total Input Jitter      (TIJ):    0.000ns
    Discrete Jitter          (DJ):    0.000ns
    Phase Error              (PE):    0.000ns

    Location             Delay type                Incr(ns)  Path(ns)    Netlist Resource(s)
  -------------------------------------------------------------------    -------------------
                         (clock FPGA_CLK_50MHZ rise edge)
                                                      0.000     0.000 r  
    B8                                                0.000     0.000 r  FPGA_CLK_50MHZ (IN)
                         net (fo=0)                   0.000     0.000    FPGA_CLK_50MHZ
    B8                   IBUF (Prop_ibuf_I_O)         0.302     0.302 r  FPGA_CLK_50MHZ_IBUF_inst/O
                         net (fo=1, routed)           0.808     1.110    FPGA_CLK_50MHZ_IBUF
    BUFGCTRL_X0Y16       BUFG (Prop_bufg_I_O)         0.026     1.136 r  FPGA_CLK_50MHZ_IBUF_BUFG_inst/O
                         net (fo=291, routed)         0.574     1.709    FPGA_CLK_50MHZ_IBUF_BUFG
    SLICE_X11Y57         FDRE                                         r  latch_reg_reg[6][8]/C
  -------------------------------------------------------------------    -------------------
    SLICE_X11Y57         FDRE (Prop_fdre_C_Q)         0.141     1.850 r  latch_reg_reg[6][8]/Q
                         net (fo=1, routed)           0.157     2.008    latch_reg_reg[6][8]
    SLICE_X11Y57         LUT3 (Prop_lut3_I2_O)        0.045     2.053 r  F2_LD_OBUF[8]_inst_i_1/O
                         net (fo=1, routed)           2.130     4.183    F2_LD_OBUF[8]
    F4                   OBUF (Prop_obuf_I_O)         1.228     5.410 r  F2_LD_OBUF[8]_inst/O
                         net (fo=0)                   0.000     5.410    F2_LD[8]
    F4                                                                r  F2_LD[8] (OUT)
  -------------------------------------------------------------------    -------------------

Slack:                    inf
  Source:                 latch_reg_reg[4][3]/C
                            (rising edge-triggered cell FDRE clocked by FPGA_CLK_50MHZ  {rise@0.000ns fall@10.000ns period=20.000ns})
  Destination:            F2_LD[3]
                            (output port)
  Path Group:             (none)
  Path Type:              Min at Fast Process Corner
  Data Path Delay:        3.702ns  (logic 1.457ns (39.375%)  route 2.244ns (60.625%))
  Logic Levels:           2  (LUT3=1 OBUF=1)
  Clock Uncertainty:      0.025ns  ((TSJ^2 + TIJ^2)^1/2 + DJ) / 2 + PE
    Total System Jitter     (TSJ):    0.050ns
    Total Input Jitter      (TIJ):    0.000ns
    Discrete Jitter          (DJ):    0.000ns
    Phase Error              (PE):    0.000ns

    Location             Delay type                Incr(ns)  Path(ns)    Netlist Resource(s)
  -------------------------------------------------------------------    -------------------
                         (clock FPGA_CLK_50MHZ rise edge)
                                                      0.000     0.000 r  
    B8                                                0.000     0.000 r  FPGA_CLK_50MHZ (IN)
                         net (fo=0)                   0.000     0.000    FPGA_CLK_50MHZ
    B8                   IBUF (Prop_ibuf_I_O)         0.302     0.302 r  FPGA_CLK_50MHZ_IBUF_inst/O
                         net (fo=1, routed)           0.808     1.110    FPGA_CLK_50MHZ_IBUF
    BUFGCTRL_X0Y16       BUFG (Prop_bufg_I_O)         0.026     1.136 r  FPGA_CLK_50MHZ_IBUF_BUFG_inst/O
                         net (fo=291, routed)         0.575     1.710    FPGA_CLK_50MHZ_IBUF_BUFG
    SLICE_X10Y54         FDRE                                         r  latch_reg_reg[4][3]/C
  -------------------------------------------------------------------    -------------------
    SLICE_X10Y54         FDRE (Prop_fdre_C_Q)         0.164     1.874 r  latch_reg_reg[4][3]/Q
                         net (fo=1, routed)           0.081     1.956    latch_reg_reg[4][3]
    SLICE_X11Y54         LUT3 (Prop_lut3_I0_O)        0.045     2.001 r  F2_LD_OBUF[3]_inst_i_1/O
                         net (fo=1, routed)           2.163     4.163    F2_LD_OBUF[3]
    B2                   OBUF (Prop_obuf_I_O)         1.248     5.412 r  F2_LD_OBUF[3]_inst/O
                         net (fo=0)                   0.000     5.412    F2_LD[3]
    B2                                                                r  F2_LD[3] (OUT)
  -------------------------------------------------------------------    -------------------





--------------------------------------------------------------------------------------
Path Group:  (none)
From Clock:  
  To Clock:  FPGA_CLK_50MHZ

Max Delay           250 Endpoints
Min Delay           250 Endpoints
--------------------------------------------------------------------------------------


Max Delay Paths
--------------------------------------------------------------------------------------
Slack:                    inf
  Source:                 RESET_SW
                            (input port)
  Destination:            latch_reg_reg[2][1]/CE
                            (rising edge-triggered cell FDRE clocked by FPGA_CLK_50MHZ  {rise@0.000ns fall@10.000ns period=20.000ns})
  Path Group:             (none)
  Path Type:              Setup (Max at Slow Process Corner)
  Data Path Delay:        7.406ns  (logic 1.631ns (22.019%)  route 5.775ns (77.981%))
  Logic Levels:           3  (IBUF=1 LUT4=1 LUT6=1)
  Clock Path Skew:        4.635ns (DCD - SCD + CPR)
    Destination Clock Delay (DCD):    4.635ns
    Source Clock Delay      (SCD):    0.000ns
    Clock Pessimism Removal (CPR):    0.000ns
  Clock Uncertainty:      0.025ns  ((TSJ^2 + TIJ^2)^1/2 + DJ) / 2 + PE
    Total System Jitter     (TSJ):    0.050ns
    Total Input Jitter      (TIJ):    0.000ns
    Discrete Jitter          (DJ):    0.000ns
    Phase Error              (PE):    0.000ns

    Location             Delay type                Incr(ns)  Path(ns)    Netlist Resource(s)
  -------------------------------------------------------------------    -------------------
    D10                                               0.000     0.000 r  RESET_SW (IN)
                         net (fo=0)                   0.000     0.000    RESET_SW
    D10                  IBUF (Prop_ibuf_I_O)         1.399     1.399 r  RESET_SW_IBUF_inst/O
                         net (fo=20, routed)          3.571     4.970    RESET_SW_IBUF
    SLICE_X6Y51          LUT6 (Prop_lut6_I3_O)        0.105     5.075 r  latch_reg[2][15]_i_2/O
                         net (fo=8, routed)           1.410     6.485    latch_reg[2][15]_i_2_n_0
    SLICE_X9Y56          LUT4 (Prop_lut4_I0_O)        0.127     6.612 r  latch_reg[2][9]_i_1/O
                         net (fo=10, routed)          0.794     7.406    latch_reg[1][9]
    SLICE_X9Y58          FDRE                                         r  latch_reg_reg[2][1]/CE
  -------------------------------------------------------------------    -------------------

                         (clock FPGA_CLK_50MHZ rise edge)
                                                      0.000     0.000 r  
    B8                                                0.000     0.000 r  FPGA_CLK_50MHZ (IN)
                         net (fo=0)                   0.000     0.000    FPGA_CLK_50MHZ
    B8                   IBUF (Prop_ibuf_I_O)         1.399     1.399 r  FPGA_CLK_50MHZ_IBUF_inst/O
                         net (fo=1, routed)           1.880     3.279    FPGA_CLK_50MHZ_IBUF
    BUFGCTRL_X0Y16       BUFG (Prop_bufg_I_O)         0.077     3.356 r  FPGA_CLK_50MHZ_IBUF_BUFG_inst/O
                         net (fo=291, routed)         1.279     4.635    FPGA_CLK_50MHZ_IBUF_BUFG
    SLICE_X9Y58          FDRE                                         r  latch_reg_reg[2][1]/C

Slack:                    inf
  Source:                 RESET_SW
                            (input port)
  Destination:            latch_reg_reg[2][9]/CE
                            (rising edge-triggered cell FDRE clocked by FPGA_CLK_50MHZ  {rise@0.000ns fall@10.000ns period=20.000ns})
  Path Group:             (none)
  Path Type:              Setup (Max at Slow Process Corner)
  Data Path Delay:        7.406ns  (logic 1.631ns (22.019%)  route 5.775ns (77.981%))
  Logic Levels:           3  (IBUF=1 LUT4=1 LUT6=1)
  Clock Path Skew:        4.635ns (DCD - SCD + CPR)
    Destination Clock Delay (DCD):    4.635ns
    Source Clock Delay      (SCD):    0.000ns
    Clock Pessimism Removal (CPR):    0.000ns
  Clock Uncertainty:      0.025ns  ((TSJ^2 + TIJ^2)^1/2 + DJ) / 2 + PE
    Total System Jitter     (TSJ):    0.050ns
    Total Input Jitter      (TIJ):    0.000ns
    Discrete Jitter          (DJ):    0.000ns
    Phase Error              (PE):    0.000ns

    Location             Delay type                Incr(ns)  Path(ns)    Netlist Resource(s)
  -------------------------------------------------------------------    -------------------
    D10                                               0.000     0.000 r  RESET_SW (IN)
                         net (fo=0)                   0.000     0.000    RESET_SW
    D10                  IBUF (Prop_ibuf_I_O)         1.399     1.399 r  RESET_SW_IBUF_inst/O
                         net (fo=20, routed)          3.571     4.970    RESET_SW_IBUF
    SLICE_X6Y51          LUT6 (Prop_lut6_I3_O)        0.105     5.075 r  latch_reg[2][15]_i_2/O
                         net (fo=8, routed)           1.410     6.485    latch_reg[2][15]_i_2_n_0
    SLICE_X9Y56          LUT4 (Prop_lut4_I0_O)        0.127     6.612 r  latch_reg[2][9]_i_1/O
                         net (fo=10, routed)          0.794     7.406    latch_reg[1][9]
    SLICE_X9Y58          FDRE                                         r  latch_reg_reg[2][9]/CE
  -------------------------------------------------------------------    -------------------

                         (clock FPGA_CLK_50MHZ rise edge)
                                                      0.000     0.000 r  
    B8                                                0.000     0.000 r  FPGA_CLK_50MHZ (IN)
                         net (fo=0)                   0.000     0.000    FPGA_CLK_50MHZ
    B8                   IBUF (Prop_ibuf_I_O)         1.399     1.399 r  FPGA_CLK_50MHZ_IBUF_inst/O
                         net (fo=1, routed)           1.880     3.279    FPGA_CLK_50MHZ_IBUF
    BUFGCTRL_X0Y16       BUFG (Prop_bufg_I_O)         0.077     3.356 r  FPGA_CLK_50MHZ_IBUF_BUFG_inst/O
                         net (fo=291, routed)         1.279     4.635    FPGA_CLK_50MHZ_IBUF_BUFG
    SLICE_X9Y58          FDRE                                         r  latch_reg_reg[2][9]/C

Slack:                    inf
  Source:                 RESET_SW
                            (input port)
  Destination:            latch_reg_reg[4][1]/CE
                            (rising edge-triggered cell FDRE clocked by FPGA_CLK_50MHZ  {rise@0.000ns fall@10.000ns period=20.000ns})
  Path Group:             (none)
  Path Type:              Setup (Max at Slow Process Corner)
  Data Path Delay:        7.406ns  (logic 1.631ns (22.019%)  route 5.775ns (77.981%))
  Logic Levels:           3  (IBUF=1 LUT4=1 LUT6=1)
  Clock Path Skew:        4.635ns (DCD - SCD + CPR)
    Destination Clock Delay (DCD):    4.635ns
    Source Clock Delay      (SCD):    0.000ns
    Clock Pessimism Removal (CPR):    0.000ns
  Clock Uncertainty:      0.025ns  ((TSJ^2 + TIJ^2)^1/2 + DJ) / 2 + PE
    Total System Jitter     (TSJ):    0.050ns
    Total Input Jitter      (TIJ):    0.000ns
    Discrete Jitter          (DJ):    0.000ns
    Phase Error              (PE):    0.000ns

    Location             Delay type                Incr(ns)  Path(ns)    Netlist Resource(s)
  -------------------------------------------------------------------    -------------------
    D10                                               0.000     0.000 r  RESET_SW (IN)
                         net (fo=0)                   0.000     0.000    RESET_SW
    D10                  IBUF (Prop_ibuf_I_O)         1.399     1.399 r  RESET_SW_IBUF_inst/O
                         net (fo=20, routed)          3.571     4.970    RESET_SW_IBUF
    SLICE_X6Y51          LUT6 (Prop_lut6_I3_O)        0.105     5.075 r  latch_reg[2][15]_i_2/O
                         net (fo=8, routed)           1.410     6.485    latch_reg[2][15]_i_2_n_0
    SLICE_X9Y56          LUT4 (Prop_lut4_I0_O)        0.127     6.612 r  latch_reg[2][9]_i_1/O
                         net (fo=10, routed)          0.794     7.406    latch_reg[1][9]
    SLICE_X9Y58          FDRE                                         r  latch_reg_reg[4][1]/CE
  -------------------------------------------------------------------    -------------------

                         (clock FPGA_CLK_50MHZ rise edge)
                                                      0.000     0.000 r  
    B8                                                0.000     0.000 r  FPGA_CLK_50MHZ (IN)
                         net (fo=0)                   0.000     0.000    FPGA_CLK_50MHZ
    B8                   IBUF (Prop_ibuf_I_O)         1.399     1.399 r  FPGA_CLK_50MHZ_IBUF_inst/O
                         net (fo=1, routed)           1.880     3.279    FPGA_CLK_50MHZ_IBUF
    BUFGCTRL_X0Y16       BUFG (Prop_bufg_I_O)         0.077     3.356 r  FPGA_CLK_50MHZ_IBUF_BUFG_inst/O
                         net (fo=291, routed)         1.279     4.635    FPGA_CLK_50MHZ_IBUF_BUFG
    SLICE_X9Y58          FDRE                                         r  latch_reg_reg[4][1]/C

Slack:                    inf
  Source:                 RESET_SW
                            (input port)
  Destination:            latch_reg_reg[5][1]/CE
                            (rising edge-triggered cell FDRE clocked by FPGA_CLK_50MHZ  {rise@0.000ns fall@10.000ns period=20.000ns})
  Path Group:             (none)
  Path Type:              Setup (Max at Slow Process Corner)
  Data Path Delay:        7.406ns  (logic 1.631ns (22.019%)  route 5.775ns (77.981%))
  Logic Levels:           3  (IBUF=1 LUT4=1 LUT6=1)
  Clock Path Skew:        4.635ns (DCD - SCD + CPR)
    Destination Clock Delay (DCD):    4.635ns
    Source Clock Delay      (SCD):    0.000ns
    Clock Pessimism Removal (CPR):    0.000ns
  Clock Uncertainty:      0.025ns  ((TSJ^2 + TIJ^2)^1/2 + DJ) / 2 + PE
    Total System Jitter     (TSJ):    0.050ns
    Total Input Jitter      (TIJ):    0.000ns
    Discrete Jitter          (DJ):    0.000ns
    Phase Error              (PE):    0.000ns

    Location             Delay type                Incr(ns)  Path(ns)    Netlist Resource(s)
  -------------------------------------------------------------------    -------------------
    D10                                               0.000     0.000 r  RESET_SW (IN)
                         net (fo=0)                   0.000     0.000    RESET_SW
    D10                  IBUF (Prop_ibuf_I_O)         1.399     1.399 r  RESET_SW_IBUF_inst/O
                         net (fo=20, routed)          3.571     4.970    RESET_SW_IBUF
    SLICE_X6Y51          LUT6 (Prop_lut6_I3_O)        0.105     5.075 r  latch_reg[2][15]_i_2/O
                         net (fo=8, routed)           1.410     6.485    latch_reg[2][15]_i_2_n_0
    SLICE_X9Y56          LUT4 (Prop_lut4_I0_O)        0.127     6.612 r  latch_reg[2][9]_i_1/O
                         net (fo=10, routed)          0.794     7.406    latch_reg[1][9]
    SLICE_X9Y58          FDRE                                         r  latch_reg_reg[5][1]/CE
  -------------------------------------------------------------------    -------------------

                         (clock FPGA_CLK_50MHZ rise edge)
                                                      0.000     0.000 r  
    B8                                                0.000     0.000 r  FPGA_CLK_50MHZ (IN)
                         net (fo=0)                   0.000     0.000    FPGA_CLK_50MHZ
    B8                   IBUF (Prop_ibuf_I_O)         1.399     1.399 r  FPGA_CLK_50MHZ_IBUF_inst/O
                         net (fo=1, routed)           1.880     3.279    FPGA_CLK_50MHZ_IBUF
    BUFGCTRL_X0Y16       BUFG (Prop_bufg_I_O)         0.077     3.356 r  FPGA_CLK_50MHZ_IBUF_BUFG_inst/O
                         net (fo=291, routed)         1.279     4.635    FPGA_CLK_50MHZ_IBUF_BUFG
    SLICE_X9Y58          FDRE                                         r  latch_reg_reg[5][1]/C

Slack:                    inf
  Source:                 RESET_SW
                            (input port)
  Destination:            latch_reg_reg[1][1]/CE
                            (rising edge-triggered cell FDRE clocked by FPGA_CLK_50MHZ  {rise@0.000ns fall@10.000ns period=20.000ns})
  Path Group:             (none)
  Path Type:              Setup (Max at Slow Process Corner)
  Data Path Delay:        7.263ns  (logic 1.631ns (22.452%)  route 5.632ns (77.548%))
  Logic Levels:           3  (IBUF=1 LUT4=1 LUT6=1)
  Clock Path Skew:        4.635ns (DCD - SCD + CPR)
    Destination Clock Delay (DCD):    4.635ns
    Source Clock Delay      (SCD):    0.000ns
    Clock Pessimism Removal (CPR):    0.000ns
  Clock Uncertainty:      0.025ns  ((TSJ^2 + TIJ^2)^1/2 + DJ) / 2 + PE
    Total System Jitter     (TSJ):    0.050ns
    Total Input Jitter      (TIJ):    0.000ns
    Discrete Jitter          (DJ):    0.000ns
    Phase Error              (PE):    0.000ns

    Location             Delay type                Incr(ns)  Path(ns)    Netlist Resource(s)
  -------------------------------------------------------------------    -------------------
    D10                                               0.000     0.000 r  RESET_SW (IN)
                         net (fo=0)                   0.000     0.000    RESET_SW
    D10                  IBUF (Prop_ibuf_I_O)         1.399     1.399 r  RESET_SW_IBUF_inst/O
                         net (fo=20, routed)          3.571     4.970    RESET_SW_IBUF
    SLICE_X6Y51          LUT6 (Prop_lut6_I3_O)        0.105     5.075 r  latch_reg[2][15]_i_2/O
                         net (fo=8, routed)           1.410     6.485    latch_reg[2][15]_i_2_n_0
    SLICE_X9Y56          LUT4 (Prop_lut4_I0_O)        0.127     6.612 r  latch_reg[2][9]_i_1/O
                         net (fo=10, routed)          0.652     7.263    latch_reg[1][9]
    SLICE_X8Y58          FDRE                                         r  latch_reg_reg[1][1]/CE
  -------------------------------------------------------------------    -------------------

                         (clock FPGA_CLK_50MHZ rise edge)
                                                      0.000     0.000 r  
    B8                                                0.000     0.000 r  FPGA_CLK_50MHZ (IN)
                         net (fo=0)                   0.000     0.000    FPGA_CLK_50MHZ
    B8                   IBUF (Prop_ibuf_I_O)         1.399     1.399 r  FPGA_CLK_50MHZ_IBUF_inst/O
                         net (fo=1, routed)           1.880     3.279    FPGA_CLK_50MHZ_IBUF
    BUFGCTRL_X0Y16       BUFG (Prop_bufg_I_O)         0.077     3.356 r  FPGA_CLK_50MHZ_IBUF_BUFG_inst/O
                         net (fo=291, routed)         1.279     4.635    FPGA_CLK_50MHZ_IBUF_BUFG
    SLICE_X8Y58          FDRE                                         r  latch_reg_reg[1][1]/C

Slack:                    inf
  Source:                 RESET_SW
                            (input port)
  Destination:            latch_reg_reg[1][9]/CE
                            (rising edge-triggered cell FDRE clocked by FPGA_CLK_50MHZ  {rise@0.000ns fall@10.000ns period=20.000ns})
  Path Group:             (none)
  Path Type:              Setup (Max at Slow Process Corner)
  Data Path Delay:        7.263ns  (logic 1.631ns (22.452%)  route 5.632ns (77.548%))
  Logic Levels:           3  (IBUF=1 LUT4=1 LUT6=1)
  Clock Path Skew:        4.635ns (DCD - SCD + CPR)
    Destination Clock Delay (DCD):    4.635ns
    Source Clock Delay      (SCD):    0.000ns
    Clock Pessimism Removal (CPR):    0.000ns
  Clock Uncertainty:      0.025ns  ((TSJ^2 + TIJ^2)^1/2 + DJ) / 2 + PE
    Total System Jitter     (TSJ):    0.050ns
    Total Input Jitter      (TIJ):    0.000ns
    Discrete Jitter          (DJ):    0.000ns
    Phase Error              (PE):    0.000ns

    Location             Delay type                Incr(ns)  Path(ns)    Netlist Resource(s)
  -------------------------------------------------------------------    -------------------
    D10                                               0.000     0.000 r  RESET_SW (IN)
                         net (fo=0)                   0.000     0.000    RESET_SW
    D10                  IBUF (Prop_ibuf_I_O)         1.399     1.399 r  RESET_SW_IBUF_inst/O
                         net (fo=20, routed)          3.571     4.970    RESET_SW_IBUF
    SLICE_X6Y51          LUT6 (Prop_lut6_I3_O)        0.105     5.075 r  latch_reg[2][15]_i_2/O
                         net (fo=8, routed)           1.410     6.485    latch_reg[2][15]_i_2_n_0
    SLICE_X9Y56          LUT4 (Prop_lut4_I0_O)        0.127     6.612 r  latch_reg[2][9]_i_1/O
                         net (fo=10, routed)          0.652     7.263    latch_reg[1][9]
    SLICE_X8Y58          FDRE                                         r  latch_reg_reg[1][9]/CE
  -------------------------------------------------------------------    -------------------

                         (clock FPGA_CLK_50MHZ rise edge)
                                                      0.000     0.000 r  
    B8                                                0.000     0.000 r  FPGA_CLK_50MHZ (IN)
                         net (fo=0)                   0.000     0.000    FPGA_CLK_50MHZ
    B8                   IBUF (Prop_ibuf_I_O)         1.399     1.399 r  FPGA_CLK_50MHZ_IBUF_inst/O
                         net (fo=1, routed)           1.880     3.279    FPGA_CLK_50MHZ_IBUF
    BUFGCTRL_X0Y16       BUFG (Prop_bufg_I_O)         0.077     3.356 r  FPGA_CLK_50MHZ_IBUF_BUFG_inst/O
                         net (fo=291, routed)         1.279     4.635    FPGA_CLK_50MHZ_IBUF_BUFG
    SLICE_X8Y58          FDRE                                         r  latch_reg_reg[1][9]/C

Slack:                    inf
  Source:                 RESET_SW
                            (input port)
  Destination:            latch_reg_reg[4][8]/CE
                            (rising edge-triggered cell FDRE clocked by FPGA_CLK_50MHZ  {rise@0.000ns fall@10.000ns period=20.000ns})
  Path Group:             (none)
  Path Type:              Setup (Max at Slow Process Corner)
  Data Path Delay:        7.119ns  (logic 1.609ns (22.598%)  route 5.510ns (77.402%))
  Logic Levels:           3  (IBUF=1 LUT4=1 LUT6=1)
  Clock Path Skew:        4.636ns (DCD - SCD + CPR)
    Destination Clock Delay (DCD):    4.636ns
    Source Clock Delay      (SCD):    0.000ns
    Clock Pessimism Removal (CPR):    0.000ns
  Clock Uncertainty:      0.025ns  ((TSJ^2 + TIJ^2)^1/2 + DJ) / 2 + PE
    Total System Jitter     (TSJ):    0.050ns
    Total Input Jitter      (TIJ):    0.000ns
    Discrete Jitter          (DJ):    0.000ns
    Phase Error              (PE):    0.000ns

    Location             Delay type                Incr(ns)  Path(ns)    Netlist Resource(s)
  -------------------------------------------------------------------    -------------------
    D10                                               0.000     0.000 r  RESET_SW (IN)
                         net (fo=0)                   0.000     0.000    RESET_SW
    D10                  IBUF (Prop_ibuf_I_O)         1.399     1.399 r  RESET_SW_IBUF_inst/O
                         net (fo=20, routed)          3.571     4.970    RESET_SW_IBUF
    SLICE_X6Y51          LUT6 (Prop_lut6_I3_O)        0.105     5.075 r  latch_reg[2][15]_i_2/O
                         net (fo=8, routed)           1.410     6.485    latch_reg[2][15]_i_2_n_0
    SLICE_X9Y56          LUT4 (Prop_lut4_I0_O)        0.105     6.590 r  latch_reg[2][8]_i_1/O
                         net (fo=10, routed)          0.529     7.119    latch_reg[1][8]
    SLICE_X9Y56          FDRE                                         r  latch_reg_reg[4][8]/CE
  -------------------------------------------------------------------    -------------------

                         (clock FPGA_CLK_50MHZ rise edge)
                                                      0.000     0.000 r  
    B8                                                0.000     0.000 r  FPGA_CLK_50MHZ (IN)
                         net (fo=0)                   0.000     0.000    FPGA_CLK_50MHZ
    B8                   IBUF (Prop_ibuf_I_O)         1.399     1.399 r  FPGA_CLK_50MHZ_IBUF_inst/O
                         net (fo=1, routed)           1.880     3.279    FPGA_CLK_50MHZ_IBUF
    BUFGCTRL_X0Y16       BUFG (Prop_bufg_I_O)         0.077     3.356 r  FPGA_CLK_50MHZ_IBUF_BUFG_inst/O
                         net (fo=291, routed)         1.280     4.636    FPGA_CLK_50MHZ_IBUF_BUFG
    SLICE_X9Y56          FDRE                                         r  latch_reg_reg[4][8]/C

Slack:                    inf
  Source:                 RESET_SW
                            (input port)
  Destination:            latch_reg_reg[5][8]/CE
                            (rising edge-triggered cell FDRE clocked by FPGA_CLK_50MHZ  {rise@0.000ns fall@10.000ns period=20.000ns})
  Path Group:             (none)
  Path Type:              Setup (Max at Slow Process Corner)
  Data Path Delay:        7.119ns  (logic 1.609ns (22.598%)  route 5.510ns (77.402%))
  Logic Levels:           3  (IBUF=1 LUT4=1 LUT6=1)
  Clock Path Skew:        4.636ns (DCD - SCD + CPR)
    Destination Clock Delay (DCD):    4.636ns
    Source Clock Delay      (SCD):    0.000ns
    Clock Pessimism Removal (CPR):    0.000ns
  Clock Uncertainty:      0.025ns  ((TSJ^2 + TIJ^2)^1/2 + DJ) / 2 + PE
    Total System Jitter     (TSJ):    0.050ns
    Total Input Jitter      (TIJ):    0.000ns
    Discrete Jitter          (DJ):    0.000ns
    Phase Error              (PE):    0.000ns

    Location             Delay type                Incr(ns)  Path(ns)    Netlist Resource(s)
  -------------------------------------------------------------------    -------------------
    D10                                               0.000     0.000 r  RESET_SW (IN)
                         net (fo=0)                   0.000     0.000    RESET_SW
    D10                  IBUF (Prop_ibuf_I_O)         1.399     1.399 r  RESET_SW_IBUF_inst/O
                         net (fo=20, routed)          3.571     4.970    RESET_SW_IBUF
    SLICE_X6Y51          LUT6 (Prop_lut6_I3_O)        0.105     5.075 r  latch_reg[2][15]_i_2/O
                         net (fo=8, routed)           1.410     6.485    latch_reg[2][15]_i_2_n_0
    SLICE_X9Y56          LUT4 (Prop_lut4_I0_O)        0.105     6.590 r  latch_reg[2][8]_i_1/O
                         net (fo=10, routed)          0.529     7.119    latch_reg[1][8]
    SLICE_X9Y56          FDRE                                         r  latch_reg_reg[5][8]/CE
  -------------------------------------------------------------------    -------------------

                         (clock FPGA_CLK_50MHZ rise edge)
                                                      0.000     0.000 r  
    B8                                                0.000     0.000 r  FPGA_CLK_50MHZ (IN)
                         net (fo=0)                   0.000     0.000    FPGA_CLK_50MHZ
    B8                   IBUF (Prop_ibuf_I_O)         1.399     1.399 r  FPGA_CLK_50MHZ_IBUF_inst/O
                         net (fo=1, routed)           1.880     3.279    FPGA_CLK_50MHZ_IBUF
    BUFGCTRL_X0Y16       BUFG (Prop_bufg_I_O)         0.077     3.356 r  FPGA_CLK_50MHZ_IBUF_BUFG_inst/O
                         net (fo=291, routed)         1.280     4.636    FPGA_CLK_50MHZ_IBUF_BUFG
    SLICE_X9Y56          FDRE                                         r  latch_reg_reg[5][8]/C

Slack:                    inf
  Source:                 RESET_SW
                            (input port)
  Destination:            latch_reg_reg[7][8]/CE
                            (rising edge-triggered cell FDRE clocked by FPGA_CLK_50MHZ  {rise@0.000ns fall@10.000ns period=20.000ns})
  Path Group:             (none)
  Path Type:              Setup (Max at Slow Process Corner)
  Data Path Delay:        7.119ns  (logic 1.609ns (22.598%)  route 5.510ns (77.402%))
  Logic Levels:           3  (IBUF=1 LUT4=1 LUT6=1)
  Clock Path Skew:        4.636ns (DCD - SCD + CPR)
    Destination Clock Delay (DCD):    4.636ns
    Source Clock Delay      (SCD):    0.000ns
    Clock Pessimism Removal (CPR):    0.000ns
  Clock Uncertainty:      0.025ns  ((TSJ^2 + TIJ^2)^1/2 + DJ) / 2 + PE
    Total System Jitter     (TSJ):    0.050ns
    Total Input Jitter      (TIJ):    0.000ns
    Discrete Jitter          (DJ):    0.000ns
    Phase Error              (PE):    0.000ns

    Location             Delay type                Incr(ns)  Path(ns)    Netlist Resource(s)
  -------------------------------------------------------------------    -------------------
    D10                                               0.000     0.000 r  RESET_SW (IN)
                         net (fo=0)                   0.000     0.000    RESET_SW
    D10                  IBUF (Prop_ibuf_I_O)         1.399     1.399 r  RESET_SW_IBUF_inst/O
                         net (fo=20, routed)          3.571     4.970    RESET_SW_IBUF
    SLICE_X6Y51          LUT6 (Prop_lut6_I3_O)        0.105     5.075 r  latch_reg[2][15]_i_2/O
                         net (fo=8, routed)           1.410     6.485    latch_reg[2][15]_i_2_n_0
    SLICE_X9Y56          LUT4 (Prop_lut4_I0_O)        0.105     6.590 r  latch_reg[2][8]_i_1/O
                         net (fo=10, routed)          0.529     7.119    latch_reg[1][8]
    SLICE_X9Y56          FDRE                                         r  latch_reg_reg[7][8]/CE
  -------------------------------------------------------------------    -------------------

                         (clock FPGA_CLK_50MHZ rise edge)
                                                      0.000     0.000 r  
    B8                                                0.000     0.000 r  FPGA_CLK_50MHZ (IN)
                         net (fo=0)                   0.000     0.000    FPGA_CLK_50MHZ
    B8                   IBUF (Prop_ibuf_I_O)         1.399     1.399 r  FPGA_CLK_50MHZ_IBUF_inst/O
                         net (fo=1, routed)           1.880     3.279    FPGA_CLK_50MHZ_IBUF
    BUFGCTRL_X0Y16       BUFG (Prop_bufg_I_O)         0.077     3.356 r  FPGA_CLK_50MHZ_IBUF_BUFG_inst/O
                         net (fo=291, routed)         1.280     4.636    FPGA_CLK_50MHZ_IBUF_BUFG
    SLICE_X9Y56          FDRE                                         r  latch_reg_reg[7][8]/C

Slack:                    inf
  Source:                 RESET_SW
                            (input port)
  Destination:            latch_reg_reg[1][13]/CE
                            (rising edge-triggered cell FDRE clocked by FPGA_CLK_50MHZ  {rise@0.000ns fall@10.000ns period=20.000ns})
  Path Group:             (none)
  Path Type:              Setup (Max at Slow Process Corner)
  Data Path Delay:        7.099ns  (logic 1.609ns (22.660%)  route 5.491ns (77.340%))
  Logic Levels:           3  (IBUF=1 LUT4=1 LUT6=1)
  Clock Path Skew:        4.705ns (DCD - SCD + CPR)
    Destination Clock Delay (DCD):    4.705ns
    Source Clock Delay      (SCD):    0.000ns
    Clock Pessimism Removal (CPR):    0.000ns
  Clock Uncertainty:      0.025ns  ((TSJ^2 + TIJ^2)^1/2 + DJ) / 2 + PE
    Total System Jitter     (TSJ):    0.050ns
    Total Input Jitter      (TIJ):    0.000ns
    Discrete Jitter          (DJ):    0.000ns
    Phase Error              (PE):    0.000ns

    Location             Delay type                Incr(ns)  Path(ns)    Netlist Resource(s)
  -------------------------------------------------------------------    -------------------
    D10                                               0.000     0.000 r  RESET_SW (IN)
                         net (fo=0)                   0.000     0.000    RESET_SW
    D10                  IBUF (Prop_ibuf_I_O)         1.399     1.399 r  RESET_SW_IBUF_inst/O
                         net (fo=20, routed)          3.571     4.970    RESET_SW_IBUF
    SLICE_X6Y51          LUT6 (Prop_lut6_I3_O)        0.105     5.075 r  latch_reg[2][15]_i_2/O
                         net (fo=8, routed)           1.285     6.360    latch_reg[2][15]_i_2_n_0
    SLICE_X6Y57          LUT4 (Prop_lut4_I0_O)        0.105     6.465 r  latch_reg[2][13]_i_1/O
                         net (fo=10, routed)          0.634     7.099    latch_reg[1][13]
    SLICE_X3Y57          FDRE                                         r  latch_reg_reg[1][13]/CE
  -------------------------------------------------------------------    -------------------

                         (clock FPGA_CLK_50MHZ rise edge)
                                                      0.000     0.000 r  
    B8                                                0.000     0.000 r  FPGA_CLK_50MHZ (IN)
                         net (fo=0)                   0.000     0.000    FPGA_CLK_50MHZ
    B8                   IBUF (Prop_ibuf_I_O)         1.399     1.399 r  FPGA_CLK_50MHZ_IBUF_inst/O
                         net (fo=1, routed)           1.880     3.279    FPGA_CLK_50MHZ_IBUF
    BUFGCTRL_X0Y16       BUFG (Prop_bufg_I_O)         0.077     3.356 r  FPGA_CLK_50MHZ_IBUF_BUFG_inst/O
                         net (fo=291, routed)         1.349     4.705    FPGA_CLK_50MHZ_IBUF_BUFG
    SLICE_X3Y57          FDRE                                         r  latch_reg_reg[1][13]/C





Min Delay Paths
--------------------------------------------------------------------------------------
Slack:                    inf
  Source:                 RS422_RX
                            (input port)
  Destination:            rx_sync1_reg/D
                            (rising edge-triggered cell FDRE clocked by FPGA_CLK_50MHZ  {rise@0.000ns fall@10.000ns period=20.000ns})
  Path Group:             (none)
  Path Type:              Hold (Min at Fast Process Corner)
  Data Path Delay:        1.069ns  (logic 0.256ns (23.925%)  route 0.813ns (76.075%))
  Logic Levels:           1  (IBUF=1)
  Clock Path Skew:        2.265ns (DCD - SCD - CPR)
    Destination Clock Delay (DCD):    2.265ns
    Source Clock Delay      (SCD):    0.000ns
    Clock Pessimism Removal (CPR):    -0.000ns

    Location             Delay type                Incr(ns)  Path(ns)    Netlist Resource(s)
  -------------------------------------------------------------------    -------------------
    P17                                               0.000     0.000 r  RS422_RX (IN)
                         net (fo=0)                   0.000     0.000    RS422_RX
    P17                  IBUF (Prop_ibuf_I_O)         0.256     0.256 r  RS422_RX_IBUF_inst/O
                         net (fo=1, routed)           0.813     1.069    RS422_RX_IBUF
    SLICE_X5Y52          FDRE                                         r  rx_sync1_reg/D
  -------------------------------------------------------------------    -------------------

                         (clock FPGA_CLK_50MHZ rise edge)
                                                      0.000     0.000 r  
    B8                                                0.000     0.000 r  FPGA_CLK_50MHZ (IN)
                         net (fo=0)                   0.000     0.000    FPGA_CLK_50MHZ
    B8                   IBUF (Prop_ibuf_I_O)         0.490     0.490 r  FPGA_CLK_50MHZ_IBUF_inst/O
                         net (fo=1, routed)           0.871     1.361    FPGA_CLK_50MHZ_IBUF
    BUFGCTRL_X0Y16       BUFG (Prop_bufg_I_O)         0.029     1.390 r  FPGA_CLK_50MHZ_IBUF_BUFG_inst/O
                         net (fo=291, routed)         0.875     2.265    FPGA_CLK_50MHZ_IBUF_BUFG
    SLICE_X5Y52          FDRE                                         r  rx_sync1_reg/C

Slack:                    inf
  Source:                 RESET_SW
                            (input port)
  Destination:            tx_start_pulse_reg/D
                            (rising edge-triggered cell FDRE clocked by FPGA_CLK_50MHZ  {rise@0.000ns fall@10.000ns period=20.000ns})
  Path Group:             (none)
  Path Type:              Hold (Min at Fast Process Corner)
  Data Path Delay:        1.825ns  (logic 0.281ns (15.377%)  route 1.545ns (84.623%))
  Logic Levels:           2  (IBUF=1 LUT2=1)
  Clock Path Skew:        2.336ns (DCD - SCD - CPR)
    Destination Clock Delay (DCD):    2.336ns
    Source Clock Delay      (SCD):    0.000ns
    Clock Pessimism Removal (CPR):    -0.000ns

    Location             Delay type                Incr(ns)  Path(ns)    Netlist Resource(s)
  -------------------------------------------------------------------    -------------------
    D10                                               0.000     0.000 r  RESET_SW (IN)
                         net (fo=0)                   0.000     0.000    RESET_SW
    D10                  IBUF (Prop_ibuf_I_O)         0.236     0.236 r  RESET_SW_IBUF_inst/O
                         net (fo=20, routed)          1.545     1.780    RESET_SW_IBUF
    SLICE_X4Y46          LUT2 (Prop_lut2_I1_O)        0.045     1.825 r  tx_start_pulse_i_1/O
                         net (fo=1, routed)           0.000     1.825    tx_start_pulse_i_1_n_0
    SLICE_X4Y46          FDRE                                         r  tx_start_pulse_reg/D
  -------------------------------------------------------------------    -------------------

                         (clock FPGA_CLK_50MHZ rise edge)
                                                      0.000     0.000 r  
    B8                                                0.000     0.000 r  FPGA_CLK_50MHZ (IN)
                         net (fo=0)                   0.000     0.000    FPGA_CLK_50MHZ
    B8                   IBUF (Prop_ibuf_I_O)         0.490     0.490 r  FPGA_CLK_50MHZ_IBUF_inst/O
                         net (fo=1, routed)           0.871     1.361    FPGA_CLK_50MHZ_IBUF
    BUFGCTRL_X0Y16       BUFG (Prop_bufg_I_O)         0.029     1.390 r  FPGA_CLK_50MHZ_IBUF_BUFG_inst/O
                         net (fo=291, routed)         0.946     2.336    FPGA_CLK_50MHZ_IBUF_BUFG
    SLICE_X4Y46          FDRE                                         r  tx_start_pulse_reg/C

Slack:                    inf
  Source:                 RESET_SW
                            (input port)
  Destination:            tx_data_reg_reg[5]/CE
                            (rising edge-triggered cell FDRE clocked by FPGA_CLK_50MHZ  {rise@0.000ns fall@10.000ns period=20.000ns})
  Path Group:             (none)
  Path Type:              Hold (Min at Fast Process Corner)
  Data Path Delay:        1.901ns  (logic 0.281ns (14.768%)  route 1.620ns (85.232%))
  Logic Levels:           2  (IBUF=1 LUT2=1)
  Clock Path Skew:        2.337ns (DCD - SCD - CPR)
    Destination Clock Delay (DCD):    2.337ns
    Source Clock Delay      (SCD):    0.000ns
    Clock Pessimism Removal (CPR):    -0.000ns

    Location             Delay type                Incr(ns)  Path(ns)    Netlist Resource(s)
  -------------------------------------------------------------------    -------------------
    D10                                               0.000     0.000 r  RESET_SW (IN)
                         net (fo=0)                   0.000     0.000    RESET_SW
    D10                  IBUF (Prop_ibuf_I_O)         0.236     0.236 r  RESET_SW_IBUF_inst/O
                         net (fo=20, routed)          1.483     1.719    RESET_SW_IBUF
    SLICE_X3Y46          LUT2 (Prop_lut2_I0_O)        0.045     1.764 r  tx_data_reg[7]_i_1/O
                         net (fo=8, routed)           0.137     1.901    tx_data_reg[7]_i_1_n_0
    SLICE_X5Y47          FDRE                                         r  tx_data_reg_reg[5]/CE
  -------------------------------------------------------------------    -------------------

                         (clock FPGA_CLK_50MHZ rise edge)
                                                      0.000     0.000 r  
    B8                                                0.000     0.000 r  FPGA_CLK_50MHZ (IN)
                         net (fo=0)                   0.000     0.000    FPGA_CLK_50MHZ
    B8                   IBUF (Prop_ibuf_I_O)         0.490     0.490 r  FPGA_CLK_50MHZ_IBUF_inst/O
                         net (fo=1, routed)           0.871     1.361    FPGA_CLK_50MHZ_IBUF
    BUFGCTRL_X0Y16       BUFG (Prop_bufg_I_O)         0.029     1.390 r  FPGA_CLK_50MHZ_IBUF_BUFG_inst/O
                         net (fo=291, routed)         0.947     2.337    FPGA_CLK_50MHZ_IBUF_BUFG
    SLICE_X5Y47          FDRE                                         r  tx_data_reg_reg[5]/C

Slack:                    inf
  Source:                 RESET_SW
                            (input port)
  Destination:            flow_state_reg[2]/R
                            (rising edge-triggered cell FDRE clocked by FPGA_CLK_50MHZ  {rise@0.000ns fall@10.000ns period=20.000ns})
  Path Group:             (none)
  Path Type:              Hold (Min at Fast Process Corner)
  Data Path Delay:        1.901ns  (logic 0.285ns (14.975%)  route 1.616ns (85.025%))
  Logic Levels:           2  (IBUF=1 LUT1=1)
  Clock Path Skew:        2.337ns (DCD - SCD - CPR)
    Destination Clock Delay (DCD):    2.337ns
    Source Clock Delay      (SCD):    0.000ns
    Clock Pessimism Removal (CPR):    -0.000ns

    Location             Delay type                Incr(ns)  Path(ns)    Netlist Resource(s)
  -------------------------------------------------------------------    -------------------
    D10                                               0.000     0.000 f  RESET_SW (IN)
                         net (fo=0)                   0.000     0.000    RESET_SW
    D10                  IBUF (Prop_ibuf_I_O)         0.236     0.236 f  RESET_SW_IBUF_inst/O
                         net (fo=20, routed)          1.483     1.719    RESET_SW_IBUF
    SLICE_X3Y46          LUT1 (Prop_lut1_I0_O)        0.049     1.768 r  flow_state[4]_i_1/O
                         net (fo=5, routed)           0.133     1.901    flow_state[4]_i_1_n_0
    SLICE_X2Y46          FDRE                                         r  flow_state_reg[2]/R
  -------------------------------------------------------------------    -------------------

                         (clock FPGA_CLK_50MHZ rise edge)
                                                      0.000     0.000 r  
    B8                                                0.000     0.000 r  FPGA_CLK_50MHZ (IN)
                         net (fo=0)                   0.000     0.000    FPGA_CLK_50MHZ
    B8                   IBUF (Prop_ibuf_I_O)         0.490     0.490 r  FPGA_CLK_50MHZ_IBUF_inst/O
                         net (fo=1, routed)           0.871     1.361    FPGA_CLK_50MHZ_IBUF
    BUFGCTRL_X0Y16       BUFG (Prop_bufg_I_O)         0.029     1.390 r  FPGA_CLK_50MHZ_IBUF_BUFG_inst/O
                         net (fo=291, routed)         0.947     2.337    FPGA_CLK_50MHZ_IBUF_BUFG
    SLICE_X2Y46          FDRE                                         r  flow_state_reg[2]/C

Slack:                    inf
  Source:                 RESET_SW
                            (input port)
  Destination:            flow_state_reg[0]/R
                            (rising edge-triggered cell FDRE clocked by FPGA_CLK_50MHZ  {rise@0.000ns fall@10.000ns period=20.000ns})
  Path Group:             (none)
  Path Type:              Hold (Min at Fast Process Corner)
  Data Path Delay:        1.958ns  (logic 0.285ns (14.537%)  route 1.674ns (85.463%))
  Logic Levels:           2  (IBUF=1 LUT1=1)
  Clock Path Skew:        2.338ns (DCD - SCD - CPR)
    Destination Clock Delay (DCD):    2.338ns
    Source Clock Delay      (SCD):    0.000ns
    Clock Pessimism Removal (CPR):    -0.000ns

    Location             Delay type                Incr(ns)  Path(ns)    Netlist Resource(s)
  -------------------------------------------------------------------    -------------------
    D10                                               0.000     0.000 f  RESET_SW (IN)
                         net (fo=0)                   0.000     0.000    RESET_SW
    D10                  IBUF (Prop_ibuf_I_O)         0.236     0.236 f  RESET_SW_IBUF_inst/O
                         net (fo=20, routed)          1.483     1.719    RESET_SW_IBUF
    SLICE_X3Y46          LUT1 (Prop_lut1_I0_O)        0.049     1.768 r  flow_state[4]_i_1/O
                         net (fo=5, routed)           0.190     1.958    flow_state[4]_i_1_n_0
    SLICE_X2Y48          FDRE                                         r  flow_state_reg[0]/R
  -------------------------------------------------------------------    -------------------

                         (clock FPGA_CLK_50MHZ rise edge)
                                                      0.000     0.000 r  
    B8                                                0.000     0.000 r  FPGA_CLK_50MHZ (IN)
                         net (fo=0)                   0.000     0.000    FPGA_CLK_50MHZ
    B8                   IBUF (Prop_ibuf_I_O)         0.490     0.490 r  FPGA_CLK_50MHZ_IBUF_inst/O
                         net (fo=1, routed)           0.871     1.361    FPGA_CLK_50MHZ_IBUF
    BUFGCTRL_X0Y16       BUFG (Prop_bufg_I_O)         0.029     1.390 r  FPGA_CLK_50MHZ_IBUF_BUFG_inst/O
                         net (fo=291, routed)         0.948     2.338    FPGA_CLK_50MHZ_IBUF_BUFG
    SLICE_X2Y48          FDRE                                         r  flow_state_reg[0]/C

Slack:                    inf
  Source:                 RESET_SW
                            (input port)
  Destination:            flow_state_reg[1]/R
                            (rising edge-triggered cell FDRE clocked by FPGA_CLK_50MHZ  {rise@0.000ns fall@10.000ns period=20.000ns})
  Path Group:             (none)
  Path Type:              Hold (Min at Fast Process Corner)
  Data Path Delay:        1.958ns  (logic 0.285ns (14.537%)  route 1.674ns (85.463%))
  Logic Levels:           2  (IBUF=1 LUT1=1)
  Clock Path Skew:        2.338ns (DCD - SCD - CPR)
    Destination Clock Delay (DCD):    2.338ns
    Source Clock Delay      (SCD):    0.000ns
    Clock Pessimism Removal (CPR):    -0.000ns

    Location             Delay type                Incr(ns)  Path(ns)    Netlist Resource(s)
  -------------------------------------------------------------------    -------------------
    D10                                               0.000     0.000 f  RESET_SW (IN)
                         net (fo=0)                   0.000     0.000    RESET_SW
    D10                  IBUF (Prop_ibuf_I_O)         0.236     0.236 f  RESET_SW_IBUF_inst/O
                         net (fo=20, routed)          1.483     1.719    RESET_SW_IBUF
    SLICE_X3Y46          LUT1 (Prop_lut1_I0_O)        0.049     1.768 r  flow_state[4]_i_1/O
                         net (fo=5, routed)           0.190     1.958    flow_state[4]_i_1_n_0
    SLICE_X2Y48          FDRE                                         r  flow_state_reg[1]/R
  -------------------------------------------------------------------    -------------------

                         (clock FPGA_CLK_50MHZ rise edge)
                                                      0.000     0.000 r  
    B8                                                0.000     0.000 r  FPGA_CLK_50MHZ (IN)
                         net (fo=0)                   0.000     0.000    FPGA_CLK_50MHZ
    B8                   IBUF (Prop_ibuf_I_O)         0.490     0.490 r  FPGA_CLK_50MHZ_IBUF_inst/O
                         net (fo=1, routed)           0.871     1.361    FPGA_CLK_50MHZ_IBUF
    BUFGCTRL_X0Y16       BUFG (Prop_bufg_I_O)         0.029     1.390 r  FPGA_CLK_50MHZ_IBUF_BUFG_inst/O
                         net (fo=291, routed)         0.948     2.338    FPGA_CLK_50MHZ_IBUF_BUFG
    SLICE_X2Y48          FDRE                                         r  flow_state_reg[1]/C

Slack:                    inf
  Source:                 RESET_SW
                            (input port)
  Destination:            flow_state_reg[3]/R
                            (rising edge-triggered cell FDRE clocked by FPGA_CLK_50MHZ  {rise@0.000ns fall@10.000ns period=20.000ns})
  Path Group:             (none)
  Path Type:              Hold (Min at Fast Process Corner)
  Data Path Delay:        1.958ns  (logic 0.285ns (14.537%)  route 1.674ns (85.463%))
  Logic Levels:           2  (IBUF=1 LUT1=1)
  Clock Path Skew:        2.338ns (DCD - SCD - CPR)
    Destination Clock Delay (DCD):    2.338ns
    Source Clock Delay      (SCD):    0.000ns
    Clock Pessimism Removal (CPR):    -0.000ns

    Location             Delay type                Incr(ns)  Path(ns)    Netlist Resource(s)
  -------------------------------------------------------------------    -------------------
    D10                                               0.000     0.000 f  RESET_SW (IN)
                         net (fo=0)                   0.000     0.000    RESET_SW
    D10                  IBUF (Prop_ibuf_I_O)         0.236     0.236 f  RESET_SW_IBUF_inst/O
                         net (fo=20, routed)          1.483     1.719    RESET_SW_IBUF
    SLICE_X3Y46          LUT1 (Prop_lut1_I0_O)        0.049     1.768 r  flow_state[4]_i_1/O
                         net (fo=5, routed)           0.190     1.958    flow_state[4]_i_1_n_0
    SLICE_X2Y48          FDRE                                         r  flow_state_reg[3]/R
  -------------------------------------------------------------------    -------------------

                         (clock FPGA_CLK_50MHZ rise edge)
                                                      0.000     0.000 r  
    B8                                                0.000     0.000 r  FPGA_CLK_50MHZ (IN)
                         net (fo=0)                   0.000     0.000    FPGA_CLK_50MHZ
    B8                   IBUF (Prop_ibuf_I_O)         0.490     0.490 r  FPGA_CLK_50MHZ_IBUF_inst/O
                         net (fo=1, routed)           0.871     1.361    FPGA_CLK_50MHZ_IBUF
    BUFGCTRL_X0Y16       BUFG (Prop_bufg_I_O)         0.029     1.390 r  FPGA_CLK_50MHZ_IBUF_BUFG_inst/O
                         net (fo=291, routed)         0.948     2.338    FPGA_CLK_50MHZ_IBUF_BUFG
    SLICE_X2Y48          FDRE                                         r  flow_state_reg[3]/C

Slack:                    inf
  Source:                 RESET_SW
                            (input port)
  Destination:            tx_data_reg_reg[7]/CE
                            (rising edge-triggered cell FDRE clocked by FPGA_CLK_50MHZ  {rise@0.000ns fall@10.000ns period=20.000ns})
  Path Group:             (none)
  Path Type:              Hold (Min at Fast Process Corner)
  Data Path Delay:        1.963ns  (logic 0.281ns (14.302%)  route 1.682ns (85.698%))
  Logic Levels:           2  (IBUF=1 LUT2=1)
  Clock Path Skew:        2.336ns (DCD - SCD - CPR)
    Destination Clock Delay (DCD):    2.336ns
    Source Clock Delay      (SCD):    0.000ns
    Clock Pessimism Removal (CPR):    -0.000ns

    Location             Delay type                Incr(ns)  Path(ns)    Netlist Resource(s)
  -------------------------------------------------------------------    -------------------
    D10                                               0.000     0.000 r  RESET_SW (IN)
                         net (fo=0)                   0.000     0.000    RESET_SW
    D10                  IBUF (Prop_ibuf_I_O)         0.236     0.236 r  RESET_SW_IBUF_inst/O
                         net (fo=20, routed)          1.483     1.719    RESET_SW_IBUF
    SLICE_X3Y46          LUT2 (Prop_lut2_I0_O)        0.045     1.764 r  tx_data_reg[7]_i_1/O
                         net (fo=8, routed)           0.199     1.963    tx_data_reg[7]_i_1_n_0
    SLICE_X5Y46          FDRE                                         r  tx_data_reg_reg[7]/CE
  -------------------------------------------------------------------    -------------------

                         (clock FPGA_CLK_50MHZ rise edge)
                                                      0.000     0.000 r  
    B8                                                0.000     0.000 r  FPGA_CLK_50MHZ (IN)
                         net (fo=0)                   0.000     0.000    FPGA_CLK_50MHZ
    B8                   IBUF (Prop_ibuf_I_O)         0.490     0.490 r  FPGA_CLK_50MHZ_IBUF_inst/O
                         net (fo=1, routed)           0.871     1.361    FPGA_CLK_50MHZ_IBUF
    BUFGCTRL_X0Y16       BUFG (Prop_bufg_I_O)         0.029     1.390 r  FPGA_CLK_50MHZ_IBUF_BUFG_inst/O
                         net (fo=291, routed)         0.946     2.336    FPGA_CLK_50MHZ_IBUF_BUFG
    SLICE_X5Y46          FDRE                                         r  tx_data_reg_reg[7]/C

Slack:                    inf
  Source:                 RESET_SW
                            (input port)
  Destination:            tx_data_reg_reg[1]/CE
                            (rising edge-triggered cell FDRE clocked by FPGA_CLK_50MHZ  {rise@0.000ns fall@10.000ns period=20.000ns})
  Path Group:             (none)
  Path Type:              Hold (Min at Fast Process Corner)
  Data Path Delay:        1.969ns  (logic 0.281ns (14.256%)  route 1.688ns (85.744%))
  Logic Levels:           2  (IBUF=1 LUT2=1)
  Clock Path Skew:        2.268ns (DCD - SCD - CPR)
    Destination Clock Delay (DCD):    2.268ns
    Source Clock Delay      (SCD):    0.000ns
    Clock Pessimism Removal (CPR):    -0.000ns

    Location             Delay type                Incr(ns)  Path(ns)    Netlist Resource(s)
  -------------------------------------------------------------------    -------------------
    D10                                               0.000     0.000 r  RESET_SW (IN)
                         net (fo=0)                   0.000     0.000    RESET_SW
    D10                  IBUF (Prop_ibuf_I_O)         0.236     0.236 r  RESET_SW_IBUF_inst/O
                         net (fo=20, routed)          1.483     1.719    RESET_SW_IBUF
    SLICE_X3Y46          LUT2 (Prop_lut2_I0_O)        0.045     1.764 r  tx_data_reg[7]_i_1/O
                         net (fo=8, routed)           0.205     1.969    tx_data_reg[7]_i_1_n_0
    SLICE_X3Y50          FDRE                                         r  tx_data_reg_reg[1]/CE
  -------------------------------------------------------------------    -------------------

                         (clock FPGA_CLK_50MHZ rise edge)
                                                      0.000     0.000 r  
    B8                                                0.000     0.000 r  FPGA_CLK_50MHZ (IN)
                         net (fo=0)                   0.000     0.000    FPGA_CLK_50MHZ
    B8                   IBUF (Prop_ibuf_I_O)         0.490     0.490 r  FPGA_CLK_50MHZ_IBUF_inst/O
                         net (fo=1, routed)           0.871     1.361    FPGA_CLK_50MHZ_IBUF
    BUFGCTRL_X0Y16       BUFG (Prop_bufg_I_O)         0.029     1.390 r  FPGA_CLK_50MHZ_IBUF_BUFG_inst/O
                         net (fo=291, routed)         0.878     2.268    FPGA_CLK_50MHZ_IBUF_BUFG
    SLICE_X3Y50          FDRE                                         r  tx_data_reg_reg[1]/C

Slack:                    inf
  Source:                 RESET_SW
                            (input port)
  Destination:            tx_data_reg_reg[4]/CE
                            (rising edge-triggered cell FDRE clocked by FPGA_CLK_50MHZ  {rise@0.000ns fall@10.000ns period=20.000ns})
  Path Group:             (none)
  Path Type:              Hold (Min at Fast Process Corner)
  Data Path Delay:        2.021ns  (logic 0.281ns (13.891%)  route 1.740ns (86.109%))
  Logic Levels:           2  (IBUF=1 LUT2=1)
  Clock Path Skew:        2.337ns (DCD - SCD - CPR)
    Destination Clock Delay (DCD):    2.337ns
    Source Clock Delay      (SCD):    0.000ns
    Clock Pessimism Removal (CPR):    -0.000ns

    Location             Delay type                Incr(ns)  Path(ns)    Netlist Resource(s)
  -------------------------------------------------------------------    -------------------
    D10                                               0.000     0.000 r  RESET_SW (IN)
                         net (fo=0)                   0.000     0.000    RESET_SW
    D10                  IBUF (Prop_ibuf_I_O)         0.236     0.236 r  RESET_SW_IBUF_inst/O
                         net (fo=20, routed)          1.483     1.719    RESET_SW_IBUF
    SLICE_X3Y46          LUT2 (Prop_lut2_I0_O)        0.045     1.764 r  tx_data_reg[7]_i_1/O
                         net (fo=8, routed)           0.257     2.021    tx_data_reg[7]_i_1_n_0
    SLICE_X5Y48          FDRE                                         r  tx_data_reg_reg[4]/CE
  -------------------------------------------------------------------    -------------------

                         (clock FPGA_CLK_50MHZ rise edge)
                                                      0.000     0.000 r  
    B8                                                0.000     0.000 r  FPGA_CLK_50MHZ (IN)
                         net (fo=0)                   0.000     0.000    FPGA_CLK_50MHZ
    B8                   IBUF (Prop_ibuf_I_O)         0.490     0.490 r  FPGA_CLK_50MHZ_IBUF_inst/O
                         net (fo=1, routed)           0.871     1.361    FPGA_CLK_50MHZ_IBUF
    BUFGCTRL_X0Y16       BUFG (Prop_bufg_I_O)         0.029     1.390 r  FPGA_CLK_50MHZ_IBUF_BUFG_inst/O
                         net (fo=291, routed)         0.947     2.337    FPGA_CLK_50MHZ_IBUF_BUFG
    SLICE_X5Y48          FDRE                                         r  tx_data_reg_reg[4]/C





