Copyright 1986-2022 Xilinx, Inc. All Rights Reserved. Copyright 2022-2026 Advanced Micro Devices, Inc. All Rights Reserved.
------------------------------------------------------------------------------------------------------------------------------------------------------------------------------------------------------------------------------------------
| Tool Version : Vivado v.2026.1 (win64) Build 6511674 Tue Jun 16 11:02:23 MDT 2026
| Date         : Mon Aug 10 11:31:07 2026
| Host         : Arvinds-MSI running 64-bit major release  (build 9200)
| Command      : report_timing_summary -max_paths 10 -routable_nets -report_unconstrained -file rs422_dock_timing_summary_routed.rpt -pb rs422_dock_timing_summary_routed.pb -rpx rs422_dock_timing_summary_routed.rpx -warn_on_violation
| Design       : rs422_dock
| Device       : 7a100t-csg324
| Speed File   : -2  PRODUCTION 1.23 2018-06-13
| Design State : Routed
------------------------------------------------------------------------------------------------------------------------------------------------------------------------------------------------------------------------------------------

Timing Summary Report

------------------------------------------------------------------------------------------------
| Timer Settings
| --------------
------------------------------------------------------------------------------------------------

  Enable Multi Corner Analysis               :  Yes
  Enable Pessimism Removal                   :  Yes
  Pessimism Removal Resolution               :  Nearest Common Node
  Enable Input Delay Default Clock           :  No
  Enable Preset / Clear Arcs                 :  No
  Disable Flight Delays                      :  No
  Ignore I/O Paths                           :  No
  Timing Early Launch at Borrowing Latches   :  No
  Borrow Time for Max Delay Exceptions       :  Yes
  Merge Timing Exceptions                    :  Yes
  Inter-SLR Compensation                     :  Conservative

  Corner  Analyze    Analyze    
  Name    Max Paths  Min Paths  
  ------  ---------  ---------  
  Slow    Yes        Yes        
  Fast    Yes        Yes        


------------------------------------------------------------------------------------------------
| Report Methodology
| ------------------
------------------------------------------------------------------------------------------------

Rule    Severity  Description                               Violations  
------  --------  ----------------------------------------  ----------  
XDCH-2  Warning   Same min and max delay values on IO port  76          

Note: This report is based on the most recent report_methodology run and may not be up-to-date. Run report_methodology on the current design for the latest report.



check_timing report

Table of Contents
-----------------
1. checking no_clock (0)
2. checking constant_clock (0)
3. checking pulse_width_clock (0)
4. checking unconstrained_internal_endpoints (0)
5. checking no_input_delay (0)
6. checking no_output_delay (0)
7. checking multiple_clock (0)
8. checking generated_clocks (0)
9. checking loops (0)
10. checking partial_input_delay (0)
11. checking partial_output_delay (0)
12. checking latch_loops (0)

1. checking no_clock (0)
------------------------
 There are 0 register/latch pins with no clock.


2. checking constant_clock (0)
------------------------------
 There are 0 register/latch pins with constant_clock.


3. checking pulse_width_clock (0)
---------------------------------
 There are 0 register/latch pins which need pulse_width check


4. checking unconstrained_internal_endpoints (0)
------------------------------------------------
 There are 0 pins that are not constrained for maximum delay.

 There are 0 pins that are not constrained for maximum delay due to constant clock.


5. checking no_input_delay (0)
------------------------------
 There are 0 input ports with no input delay specified.

 There are 0 input ports with no input delay but user has a false path constraint.


6. checking no_output_delay (0)
-------------------------------
 There are 0 ports with no output delay specified.

 There are 0 ports with no output delay but user has a false path constraint

 There are 0 ports with no output delay but with a timing clock defined on it or propagating through it


7. checking multiple_clock (0)
------------------------------
 There are 0 register/latch pins with multiple clocks.


8. checking generated_clocks (0)
--------------------------------
 There are 0 generated clocks that are not connected to a clock source.


9. checking loops (0)
---------------------
 There are 0 combinational loops in the design.


10. checking partial_input_delay (0)
------------------------------------
 There are 0 input ports with partial input delay specified.


11. checking partial_output_delay (0)
-------------------------------------
 There are 0 ports with partial output delay specified.


12. checking latch_loops (0)
----------------------------
 There are 0 combinational latch loops in the design through latch input



------------------------------------------------------------------------------------------------
| Design Timing Summary
| ---------------------
------------------------------------------------------------------------------------------------

    WNS(ns)      TNS(ns)  TNS Failing Endpoints  TNS Total Endpoints      WHS(ns)      THS(ns)  THS Failing Endpoints  THS Total Endpoints     WPWS(ns)     TPWS(ns)  TPWS Failing Endpoints  TPWS Total Endpoints  
    -------      -------  ---------------------  -------------------      -------      -------  ---------------------  -------------------     --------     --------  ----------------------  --------------------  
      4.475        0.000                      0                 1064        0.105        0.000                      0                 1064        9.500        0.000                       0                   353  


All user specified timing constraints are met.


------------------------------------------------------------------------------------------------
| Clock Summary
| -------------
------------------------------------------------------------------------------------------------

Clock        Waveform(ns)       Period(ns)      Frequency(MHz)
-----        ------------       ----------      --------------
sys_clk_pin  {0.000 10.000}     20.000          50.000          


------------------------------------------------------------------------------------------------
| Intra Clock Table
| -----------------
------------------------------------------------------------------------------------------------

Clock             WNS(ns)      TNS(ns)  TNS Failing Endpoints  TNS Total Endpoints      WHS(ns)      THS(ns)  THS Failing Endpoints  THS Total Endpoints     WPWS(ns)     TPWS(ns)  TPWS Failing Endpoints  TPWS Total Endpoints  
-----             -------      -------  ---------------------  -------------------      -------      -------  ---------------------  -------------------     --------     --------  ----------------------  --------------------  
sys_clk_pin         4.475        0.000                      0                  753        0.105        0.000                      0                  753        9.500        0.000                       0                   353  


------------------------------------------------------------------------------------------------
| Inter Clock Table
| -----------------
------------------------------------------------------------------------------------------------

From Clock    To Clock          WNS(ns)      TNS(ns)  TNS Failing Endpoints  TNS Total Endpoints      WHS(ns)      THS(ns)  THS Failing Endpoints  THS Total Endpoints  
----------    --------          -------      -------  ---------------------  -------------------      -------      -------  ---------------------  -------------------  


------------------------------------------------------------------------------------------------
| Other Path Groups Table
| -----------------------
------------------------------------------------------------------------------------------------

Path Group         From Clock         To Clock               WNS(ns)      TNS(ns)  TNS Failing Endpoints  TNS Total Endpoints      WHS(ns)      THS(ns)  THS Failing Endpoints  THS Total Endpoints  
----------         ----------         --------               -------      -------  ---------------------  -------------------      -------      -------  ---------------------  -------------------  
**async_default**  sys_clk_pin        sys_clk_pin             14.990        0.000                      0                  311        0.513        0.000                      0                  311  


------------------------------------------------------------------------------------------------
| User Ignored Path Table
| -----------------------
------------------------------------------------------------------------------------------------

Path Group    From Clock    To Clock    
----------    ----------    --------    


------------------------------------------------------------------------------------------------
| Unconstrained Path Table
| ------------------------
------------------------------------------------------------------------------------------------

Path Group    From Clock    To Clock    
----------    ----------    --------    


------------------------------------------------------------------------------------------------
| Timing Details
| --------------
------------------------------------------------------------------------------------------------


---------------------------------------------------------------------------------------------------
From Clock:  sys_clk_pin
  To Clock:  sys_clk_pin

Setup :            0  Failing Endpoints,  Worst Slack        4.475ns,  Total Violation        0.000ns
Hold  :            0  Failing Endpoints,  Worst Slack        0.105ns,  Total Violation        0.000ns
PW    :            0  Failing Endpoints,  Worst Slack        9.500ns,  Total Violation        0.000ns
---------------------------------------------------------------------------------------------------


Max Delay Paths
--------------------------------------------------------------------------------------
Slack (MET) :             4.475ns  (required time - arrival time)
  Source:                 rx_cmd_ready_reg/C
                            (rising edge-triggered cell FDCE clocked by sys_clk_pin  {rise@0.000ns fall@10.000ns period=20.000ns})
  Destination:            FP_STS2_YELLOW
                            (output port clocked by sys_clk_pin  {rise@0.000ns fall@10.000ns period=20.000ns})
  Path Group:             sys_clk_pin
  Path Type:              Max at Slow Process Corner
  Requirement:            20.000ns  (sys_clk_pin rise@20.000ns - sys_clk_pin rise@0.000ns)
  Data Path Delay:        8.525ns  (logic 3.756ns (44.056%)  route 4.769ns (55.944%))
  Logic Levels:           1  (OBUF=1)
  Output Delay:           2.000ns
  Clock Path Skew:        -4.965ns (DCD - SCD + CPR)
    Destination Clock Delay (DCD):    0.000ns = ( 20.000 - 20.000 ) 
    Source Clock Delay      (SCD):    4.965ns
    Clock Pessimism Removal (CPR):    0.000ns
  Clock Uncertainty:      0.035ns  ((TSJ^2 + TIJ^2)^1/2 + DJ) / 2 + PE
    Total System Jitter     (TSJ):    0.071ns
    Total Input Jitter      (TIJ):    0.000ns
    Discrete Jitter          (DJ):    0.000ns
    Phase Error              (PE):    0.000ns

    Location             Delay type                Incr(ns)  Path(ns)    Netlist Resource(s)
  -------------------------------------------------------------------    -------------------
                         (clock sys_clk_pin rise edge)
                                                      0.000     0.000 r  <hidden>
    B8                                                0.000     0.000 r  FPGA_CLK_50MHZ
                         net (fo=0)                   0.000     0.000    FPGA_CLK_50MHZ
    B8                   IBUF (Prop_ibuf_I_O)         1.466     1.466 r  FPGA_CLK_50MHZ_IBUF_inst/O
                         net (fo=1, routed)           1.982     3.448    FPGA_CLK_50MHZ_IBUF
    BUFGCTRL_X0Y16       BUFG (Prop_bufg_I_O)         0.081     3.529 r  FPGA_CLK_50MHZ_IBUF_BUFG_inst/O
                         net (fo=352, routed)         1.436     4.965    FPGA_CLK_50MHZ_IBUF_BUFG
    SLICE_X84Y116        FDCE                                         r  rx_cmd_ready_reg/C
  -------------------------------------------------------------------    -------------------
    SLICE_X84Y116        FDCE (Prop_fdce_C_Q)         0.433     5.398 r  rx_cmd_ready_reg/Q
                         net (fo=3, routed)           4.769    10.167    FP_STS2_YELLOW_OBUF
    T10                  OBUF (Prop_obuf_I_O)         3.323    13.490 r  FP_STS2_YELLOW_OBUF_inst/O
                         net (fo=0)                   0.000    13.490    FP_STS2_YELLOW
    T10                                                               r  FP_STS2_YELLOW
  -------------------------------------------------------------------    -------------------

                         (clock sys_clk_pin rise edge)
                                                     20.000    20.000 r  <hidden>
                         clock pessimism              0.000    20.000    <hidden>
                         clock uncertainty           -0.035    19.965    <hidden>
                         output delay                -2.000    17.965    <hidden>
  -------------------------------------------------------------------
                         required time                         17.965    <hidden>
                         arrival time                         -13.490    <hidden>
  -------------------------------------------------------------------
                         slack                                  4.475    <hidden>

Slack (MET) :             4.703ns  (required time - arrival time)
  Source:                 tx_en_reg_reg/C
                            (rising edge-triggered cell FDCE clocked by sys_clk_pin  {rise@0.000ns fall@10.000ns period=20.000ns})
  Destination:            RS422_TX_nEN
                            (output port clocked by sys_clk_pin  {rise@0.000ns fall@10.000ns period=20.000ns})
  Path Group:             sys_clk_pin
  Path Type:              Max at Slow Process Corner
  Requirement:            20.000ns  (sys_clk_pin rise@20.000ns - sys_clk_pin rise@0.000ns)
  Data Path Delay:        8.303ns  (logic 3.250ns (39.147%)  route 5.052ns (60.853%))
  Logic Levels:           2  (LUT1=1 OBUF=1)
  Output Delay:           2.000ns
  Clock Path Skew:        -4.959ns (DCD - SCD + CPR)
    Destination Clock Delay (DCD):    0.000ns = ( 20.000 - 20.000 ) 
    Source Clock Delay      (SCD):    4.959ns
    Clock Pessimism Removal (CPR):    0.000ns
  Clock Uncertainty:      0.035ns  ((TSJ^2 + TIJ^2)^1/2 + DJ) / 2 + PE
    Total System Jitter     (TSJ):    0.071ns
    Total Input Jitter      (TIJ):    0.000ns
    Discrete Jitter          (DJ):    0.000ns
    Phase Error              (PE):    0.000ns

    Location             Delay type                Incr(ns)  Path(ns)    Netlist Resource(s)
  -------------------------------------------------------------------    -------------------
                         (clock sys_clk_pin rise edge)
                                                      0.000     0.000 r  <hidden>
    B8                                                0.000     0.000 r  FPGA_CLK_50MHZ
                         net (fo=0)                   0.000     0.000    FPGA_CLK_50MHZ
    B8                   IBUF (Prop_ibuf_I_O)         1.466     1.466 r  FPGA_CLK_50MHZ_IBUF_inst/O
                         net (fo=1, routed)           1.982     3.448    FPGA_CLK_50MHZ_IBUF
    BUFGCTRL_X0Y16       BUFG (Prop_bufg_I_O)         0.081     3.529 r  FPGA_CLK_50MHZ_IBUF_BUFG_inst/O
                         net (fo=352, routed)         1.430     4.959    FPGA_CLK_50MHZ_IBUF_BUFG
    SLICE_X83Y121        FDCE                                         r  tx_en_reg_reg/C
  -------------------------------------------------------------------    -------------------
    SLICE_X83Y121        FDCE (Prop_fdce_C_Q)         0.379     5.338 f  tx_en_reg_reg/Q
                         net (fo=6, routed)           0.493     5.831    RS422_TX_EN_OBUF
    SLICE_X83Y120        LUT1 (Prop_lut1_I0_O)        0.105     5.936 r  RS422_TX_nEN_OBUF_inst_i_1/O
                         net (fo=1, routed)           4.560    10.495    RS422_TX_nEN_OBUF
    T14                  OBUF (Prop_obuf_I_O)         2.766    13.262 r  RS422_TX_nEN_OBUF_inst/O
                         net (fo=0)                   0.000    13.262    RS422_TX_nEN
    T14                                                               r  RS422_TX_nEN
  -------------------------------------------------------------------    -------------------

                         (clock sys_clk_pin rise edge)
                                                     20.000    20.000 r  <hidden>
                         clock pessimism              0.000    20.000    <hidden>
                         clock uncertainty           -0.035    19.965    <hidden>
                         output delay                -2.000    17.965    <hidden>
  -------------------------------------------------------------------
                         required time                         17.965    <hidden>
                         arrival time                         -13.262    <hidden>
  -------------------------------------------------------------------
                         slack                                  4.703    <hidden>

Slack (MET) :             5.130ns  (required time - arrival time)
  Source:                 tx_en_reg_reg/C
                            (rising edge-triggered cell FDCE clocked by sys_clk_pin  {rise@0.000ns fall@10.000ns period=20.000ns})
  Destination:            RS422_TX_EN
                            (output port clocked by sys_clk_pin  {rise@0.000ns fall@10.000ns period=20.000ns})
  Path Group:             sys_clk_pin
  Path Type:              Max at Slow Process Corner
  Requirement:            20.000ns  (sys_clk_pin rise@20.000ns - sys_clk_pin rise@0.000ns)
  Data Path Delay:        7.876ns  (logic 3.148ns (39.967%)  route 4.728ns (60.033%))
  Logic Levels:           1  (OBUF=1)
  Output Delay:           2.000ns
  Clock Path Skew:        -4.959ns (DCD - SCD + CPR)
    Destination Clock Delay (DCD):    0.000ns = ( 20.000 - 20.000 ) 
    Source Clock Delay      (SCD):    4.959ns
    Clock Pessimism Removal (CPR):    0.000ns
  Clock Uncertainty:      0.035ns  ((TSJ^2 + TIJ^2)^1/2 + DJ) / 2 + PE
    Total System Jitter     (TSJ):    0.071ns
    Total Input Jitter      (TIJ):    0.000ns
    Discrete Jitter          (DJ):    0.000ns
    Phase Error              (PE):    0.000ns

    Location             Delay type                Incr(ns)  Path(ns)    Netlist Resource(s)
  -------------------------------------------------------------------    -------------------
                         (clock sys_clk_pin rise edge)
                                                      0.000     0.000 r  <hidden>
    B8                                                0.000     0.000 r  FPGA_CLK_50MHZ
                         net (fo=0)                   0.000     0.000    FPGA_CLK_50MHZ
    B8                   IBUF (Prop_ibuf_I_O)         1.466     1.466 r  FPGA_CLK_50MHZ_IBUF_inst/O
                         net (fo=1, routed)           1.982     3.448    FPGA_CLK_50MHZ_IBUF
    BUFGCTRL_X0Y16       BUFG (Prop_bufg_I_O)         0.081     3.529 r  FPGA_CLK_50MHZ_IBUF_BUFG_inst/O
                         net (fo=352, routed)         1.430     4.959    FPGA_CLK_50MHZ_IBUF_BUFG
    SLICE_X83Y121        FDCE                                         r  tx_en_reg_reg/C
  -------------------------------------------------------------------    -------------------
    SLICE_X83Y121        FDCE (Prop_fdce_C_Q)         0.379     5.338 r  tx_en_reg_reg/Q
                         net (fo=6, routed)           4.728    10.066    RS422_TX_EN_OBUF
    T15                  OBUF (Prop_obuf_I_O)         2.769    12.835 r  RS422_TX_EN_OBUF_inst/O
                         net (fo=0)                   0.000    12.835    RS422_TX_EN
    T15                                                               r  RS422_TX_EN
  -------------------------------------------------------------------    -------------------

                         (clock sys_clk_pin rise edge)
                                                     20.000    20.000 r  <hidden>
                         clock pessimism              0.000    20.000    <hidden>
                         clock uncertainty           -0.035    19.965    <hidden>
                         output delay                -2.000    17.965    <hidden>
  -------------------------------------------------------------------
                         required time                         17.965    <hidden>
                         arrival time                         -12.835    <hidden>
  -------------------------------------------------------------------
                         slack                                  5.130    <hidden>

Slack (MET) :             5.993ns  (required time - arrival time)
  Source:                 tx_reg_reg/C
                            (rising edge-triggered cell FDPE clocked by sys_clk_pin  {rise@0.000ns fall@10.000ns period=20.000ns})
  Destination:            RS422_TX
                            (output port clocked by sys_clk_pin  {rise@0.000ns fall@10.000ns period=20.000ns})
  Path Group:             sys_clk_pin
  Path Type:              Max at Slow Process Corner
  Requirement:            20.000ns  (sys_clk_pin rise@20.000ns - sys_clk_pin rise@0.000ns)
  Data Path Delay:        7.010ns  (logic 3.127ns (44.607%)  route 3.883ns (55.393%))
  Logic Levels:           1  (OBUF=1)
  Output Delay:           2.000ns
  Clock Path Skew:        -4.961ns (DCD - SCD + CPR)
    Destination Clock Delay (DCD):    0.000ns = ( 20.000 - 20.000 ) 
    Source Clock Delay      (SCD):    4.961ns
    Clock Pessimism Removal (CPR):    0.000ns
  Clock Uncertainty:      0.035ns  ((TSJ^2 + TIJ^2)^1/2 + DJ) / 2 + PE
    Total System Jitter     (TSJ):    0.071ns
    Total Input Jitter      (TIJ):    0.000ns
    Discrete Jitter          (DJ):    0.000ns
    Phase Error              (PE):    0.000ns

    Location             Delay type                Incr(ns)  Path(ns)    Netlist Resource(s)
  -------------------------------------------------------------------    -------------------
                         (clock sys_clk_pin rise edge)
                                                      0.000     0.000 r  <hidden>
    B8                                                0.000     0.000 r  FPGA_CLK_50MHZ
                         net (fo=0)                   0.000     0.000    FPGA_CLK_50MHZ
    B8                   IBUF (Prop_ibuf_I_O)         1.466     1.466 r  FPGA_CLK_50MHZ_IBUF_inst/O
                         net (fo=1, routed)           1.982     3.448    FPGA_CLK_50MHZ_IBUF
    BUFGCTRL_X0Y16       BUFG (Prop_bufg_I_O)         0.081     3.529 r  FPGA_CLK_50MHZ_IBUF_BUFG_inst/O
                         net (fo=352, routed)         1.432     4.961    FPGA_CLK_50MHZ_IBUF_BUFG
    SLICE_X82Y120        FDPE                                         r  tx_reg_reg/C
  -------------------------------------------------------------------    -------------------
    SLICE_X82Y120        FDPE (Prop_fdpe_C_Q)         0.379     5.340 r  tx_reg_reg/Q
                         net (fo=1, routed)           3.883     9.223    RS422_TX_OBUF
    P15                  OBUF (Prop_obuf_I_O)         2.748    11.971 r  RS422_TX_OBUF_inst/O
                         net (fo=0)                   0.000    11.971    RS422_TX
    P15                                                               r  RS422_TX
  -------------------------------------------------------------------    -------------------

                         (clock sys_clk_pin rise edge)
                                                     20.000    20.000 r  <hidden>
                         clock pessimism              0.000    20.000    <hidden>
                         clock uncertainty           -0.035    19.965    <hidden>
                         output delay                -2.000    17.965    <hidden>
  -------------------------------------------------------------------
                         required time                         17.965    <hidden>
                         arrival time                         -11.971    <hidden>
  -------------------------------------------------------------------
                         slack                                  5.993    <hidden>

Slack (MET) :             7.057ns  (required time - arrival time)
  Source:                 le_reg_reg[9]/C
                            (rising edge-triggered cell FDCE clocked by sys_clk_pin  {rise@0.000ns fall@10.000ns period=20.000ns})
  Destination:            F_LE[9]
                            (output port clocked by sys_clk_pin  {rise@0.000ns fall@10.000ns period=20.000ns})
  Path Group:             sys_clk_pin
  Path Type:              Max at Slow Process Corner
  Requirement:            20.000ns  (sys_clk_pin rise@20.000ns - sys_clk_pin rise@0.000ns)
  Data Path Delay:        6.039ns  (logic 3.713ns (61.484%)  route 2.326ns (38.516%))
  Logic Levels:           1  (OBUF=1)
  Output Delay:           2.000ns
  Clock Path Skew:        -4.869ns (DCD - SCD + CPR)
    Destination Clock Delay (DCD):    0.000ns = ( 20.000 - 20.000 ) 
    Source Clock Delay      (SCD):    4.869ns
    Clock Pessimism Removal (CPR):    0.000ns
  Clock Uncertainty:      0.035ns  ((TSJ^2 + TIJ^2)^1/2 + DJ) / 2 + PE
    Total System Jitter     (TSJ):    0.071ns
    Total Input Jitter      (TIJ):    0.000ns
    Discrete Jitter          (DJ):    0.000ns
    Phase Error              (PE):    0.000ns

    Location             Delay type                Incr(ns)  Path(ns)    Netlist Resource(s)
  -------------------------------------------------------------------    -------------------
                         (clock sys_clk_pin rise edge)
                                                      0.000     0.000 r  <hidden>
    B8                                                0.000     0.000 r  FPGA_CLK_50MHZ
                         net (fo=0)                   0.000     0.000    FPGA_CLK_50MHZ
    B8                   IBUF (Prop_ibuf_I_O)         1.466     1.466 r  FPGA_CLK_50MHZ_IBUF_inst/O
                         net (fo=1, routed)           1.982     3.448    FPGA_CLK_50MHZ_IBUF
    BUFGCTRL_X0Y16       BUFG (Prop_bufg_I_O)         0.081     3.529 r  FPGA_CLK_50MHZ_IBUF_BUFG_inst/O
                         net (fo=352, routed)         1.340     4.869    FPGA_CLK_50MHZ_IBUF_BUFG
    SLICE_X54Y119        FDCE                                         r  le_reg_reg[9]/C
  -------------------------------------------------------------------    -------------------
    SLICE_X54Y119        FDCE (Prop_fdce_C_Q)         0.433     5.302 r  le_reg_reg[9]/Q
                         net (fo=1, routed)           2.326     7.628    F_LE_OBUF[9]
    G14                  OBUF (Prop_obuf_I_O)         3.280    10.908 r  F_LE_OBUF[9]_inst/O
                         net (fo=0)                   0.000    10.908    F_LE[9]
    G14                                                               r  F_LE[9]
  -------------------------------------------------------------------    -------------------

                         (clock sys_clk_pin rise edge)
                                                     20.000    20.000 r  <hidden>
                         clock pessimism              0.000    20.000    <hidden>
                         clock uncertainty           -0.035    19.965    <hidden>
                         output delay                -2.000    17.965    <hidden>
  -------------------------------------------------------------------
                         required time                         17.965    <hidden>
                         arrival time                         -10.908    <hidden>
  -------------------------------------------------------------------
                         slack                                  7.057    <hidden>

Slack (MET) :             7.266ns  (required time - arrival time)
  Source:                 f1_bus_reg_reg[1]/C
                            (rising edge-triggered cell FDCE clocked by sys_clk_pin  {rise@0.000ns fall@10.000ns period=20.000ns})
  Destination:            F1_LD[1]
                            (output port clocked by sys_clk_pin  {rise@0.000ns fall@10.000ns period=20.000ns})
  Path Group:             sys_clk_pin
  Path Type:              Max at Slow Process Corner
  Requirement:            20.000ns  (sys_clk_pin rise@20.000ns - sys_clk_pin rise@0.000ns)
  Data Path Delay:        5.743ns  (logic 3.717ns (64.724%)  route 2.026ns (35.276%))
  Logic Levels:           1  (OBUF=1)
  Output Delay:           2.000ns
  Clock Path Skew:        -4.956ns (DCD - SCD + CPR)
    Destination Clock Delay (DCD):    0.000ns = ( 20.000 - 20.000 ) 
    Source Clock Delay      (SCD):    4.956ns
    Clock Pessimism Removal (CPR):    0.000ns
  Clock Uncertainty:      0.035ns  ((TSJ^2 + TIJ^2)^1/2 + DJ) / 2 + PE
    Total System Jitter     (TSJ):    0.071ns
    Total Input Jitter      (TIJ):    0.000ns
    Discrete Jitter          (DJ):    0.000ns
    Phase Error              (PE):    0.000ns

    Location             Delay type                Incr(ns)  Path(ns)    Netlist Resource(s)
  -------------------------------------------------------------------    -------------------
                         (clock sys_clk_pin rise edge)
                                                      0.000     0.000 r  <hidden>
    B8                                                0.000     0.000 r  FPGA_CLK_50MHZ
                         net (fo=0)                   0.000     0.000    FPGA_CLK_50MHZ
    B8                   IBUF (Prop_ibuf_I_O)         1.466     1.466 r  FPGA_CLK_50MHZ_IBUF_inst/O
                         net (fo=1, routed)           1.982     3.448    FPGA_CLK_50MHZ_IBUF
    BUFGCTRL_X0Y16       BUFG (Prop_bufg_I_O)         0.081     3.529 r  FPGA_CLK_50MHZ_IBUF_BUFG_inst/O
                         net (fo=352, routed)         1.427     4.956    FPGA_CLK_50MHZ_IBUF_BUFG
    SLICE_X88Y125        FDCE                                         r  f1_bus_reg_reg[1]/C
  -------------------------------------------------------------------    -------------------
    SLICE_X88Y125        FDCE (Prop_fdce_C_Q)         0.433     5.389 r  f1_bus_reg_reg[1]/Q
                         net (fo=1, routed)           2.026     7.415    F1_LD_OBUF[1]
    C6                   OBUF (Prop_obuf_I_O)         3.284    10.698 r  F1_LD_OBUF[1]_inst/O
                         net (fo=0)                   0.000    10.698    F1_LD[1]
    C6                                                                r  F1_LD[1]
  -------------------------------------------------------------------    -------------------

                         (clock sys_clk_pin rise edge)
                                                     20.000    20.000 r  <hidden>
                         clock pessimism              0.000    20.000    <hidden>
                         clock uncertainty           -0.035    19.965    <hidden>
                         output delay                -2.000    17.965    <hidden>
  -------------------------------------------------------------------
                         required time                         17.965    <hidden>
                         arrival time                         -10.698    <hidden>
  -------------------------------------------------------------------
                         slack                                  7.266    <hidden>

Slack (MET) :             7.313ns  (required time - arrival time)
  Source:                 f1_bus_reg_reg[6]/C
                            (rising edge-triggered cell FDCE clocked by sys_clk_pin  {rise@0.000ns fall@10.000ns period=20.000ns})
  Destination:            F1_LD[6]
                            (output port clocked by sys_clk_pin  {rise@0.000ns fall@10.000ns period=20.000ns})
  Path Group:             sys_clk_pin
  Path Type:              Max at Slow Process Corner
  Requirement:            20.000ns  (sys_clk_pin rise@20.000ns - sys_clk_pin rise@0.000ns)
  Data Path Delay:        5.697ns  (logic 3.669ns (64.411%)  route 2.027ns (35.589%))
  Logic Levels:           1  (OBUF=1)
  Output Delay:           2.000ns
  Clock Path Skew:        -4.955ns (DCD - SCD + CPR)
    Destination Clock Delay (DCD):    0.000ns = ( 20.000 - 20.000 ) 
    Source Clock Delay      (SCD):    4.955ns
    Clock Pessimism Removal (CPR):    0.000ns
  Clock Uncertainty:      0.035ns  ((TSJ^2 + TIJ^2)^1/2 + DJ) / 2 + PE
    Total System Jitter     (TSJ):    0.071ns
    Total Input Jitter      (TIJ):    0.000ns
    Discrete Jitter          (DJ):    0.000ns
    Phase Error              (PE):    0.000ns

    Location             Delay type                Incr(ns)  Path(ns)    Netlist Resource(s)
  -------------------------------------------------------------------    -------------------
                         (clock sys_clk_pin rise edge)
                                                      0.000     0.000 r  <hidden>
    B8                                                0.000     0.000 r  FPGA_CLK_50MHZ
                         net (fo=0)                   0.000     0.000    FPGA_CLK_50MHZ
    B8                   IBUF (Prop_ibuf_I_O)         1.466     1.466 r  FPGA_CLK_50MHZ_IBUF_inst/O
                         net (fo=1, routed)           1.982     3.448    FPGA_CLK_50MHZ_IBUF
    BUFGCTRL_X0Y16       BUFG (Prop_bufg_I_O)         0.081     3.529 r  FPGA_CLK_50MHZ_IBUF_BUFG_inst/O
                         net (fo=352, routed)         1.426     4.955    FPGA_CLK_50MHZ_IBUF_BUFG
    SLICE_X82Y124        FDCE                                         r  f1_bus_reg_reg[6]/C
  -------------------------------------------------------------------    -------------------
    SLICE_X82Y124        FDCE (Prop_fdce_C_Q)         0.379     5.334 r  f1_bus_reg_reg[6]/Q
                         net (fo=1, routed)           2.027     7.361    F1_LD_OBUF[6]
    A5                   OBUF (Prop_obuf_I_O)         3.290    10.651 r  F1_LD_OBUF[6]_inst/O
                         net (fo=0)                   0.000    10.651    F1_LD[6]
    A5                                                                r  F1_LD[6]
  -------------------------------------------------------------------    -------------------

                         (clock sys_clk_pin rise edge)
                                                     20.000    20.000 r  <hidden>
                         clock pessimism              0.000    20.000    <hidden>
                         clock uncertainty           -0.035    19.965    <hidden>
                         output delay                -2.000    17.965    <hidden>
  -------------------------------------------------------------------
                         required time                         17.965    <hidden>
                         arrival time                         -10.651    <hidden>
  -------------------------------------------------------------------
                         slack                                  7.313    <hidden>

Slack (MET) :             7.341ns  (required time - arrival time)
  Source:                 f1_bus_reg_reg[3]/C
                            (rising edge-triggered cell FDCE clocked by sys_clk_pin  {rise@0.000ns fall@10.000ns period=20.000ns})
  Destination:            F1_LD[3]
                            (output port clocked by sys_clk_pin  {rise@0.000ns fall@10.000ns period=20.000ns})
  Path Group:             sys_clk_pin
  Path Type:              Max at Slow Process Corner
  Requirement:            20.000ns  (sys_clk_pin rise@20.000ns - sys_clk_pin rise@0.000ns)
  Data Path Delay:        5.666ns  (logic 3.726ns (65.748%)  route 1.941ns (34.252%))
  Logic Levels:           1  (OBUF=1)
  Output Delay:           2.000ns
  Clock Path Skew:        -4.957ns (DCD - SCD + CPR)
    Destination Clock Delay (DCD):    0.000ns = ( 20.000 - 20.000 ) 
    Source Clock Delay      (SCD):    4.957ns
    Clock Pessimism Removal (CPR):    0.000ns
  Clock Uncertainty:      0.035ns  ((TSJ^2 + TIJ^2)^1/2 + DJ) / 2 + PE
    Total System Jitter     (TSJ):    0.071ns
    Total Input Jitter      (TIJ):    0.000ns
    Discrete Jitter          (DJ):    0.000ns
    Phase Error              (PE):    0.000ns

    Location             Delay type                Incr(ns)  Path(ns)    Netlist Resource(s)
  -------------------------------------------------------------------    -------------------
                         (clock sys_clk_pin rise edge)
                                                      0.000     0.000 r  <hidden>
    B8                                                0.000     0.000 r  FPGA_CLK_50MHZ
                         net (fo=0)                   0.000     0.000    FPGA_CLK_50MHZ
    B8                   IBUF (Prop_ibuf_I_O)         1.466     1.466 r  FPGA_CLK_50MHZ_IBUF_inst/O
                         net (fo=1, routed)           1.982     3.448    FPGA_CLK_50MHZ_IBUF
    BUFGCTRL_X0Y16       BUFG (Prop_bufg_I_O)         0.081     3.529 r  FPGA_CLK_50MHZ_IBUF_BUFG_inst/O
                         net (fo=352, routed)         1.428     4.957    FPGA_CLK_50MHZ_IBUF_BUFG
    SLICE_X88Y123        FDCE                                         r  f1_bus_reg_reg[3]/C
  -------------------------------------------------------------------    -------------------
    SLICE_X88Y123        FDCE (Prop_fdce_C_Q)         0.433     5.390 r  f1_bus_reg_reg[3]/Q
                         net (fo=1, routed)           1.941     7.331    F1_LD_OBUF[3]
    B7                   OBUF (Prop_obuf_I_O)         3.293    10.623 r  F1_LD_OBUF[3]_inst/O
                         net (fo=0)                   0.000    10.623    F1_LD[3]
    B7                                                                r  F1_LD[3]
  -------------------------------------------------------------------    -------------------

                         (clock sys_clk_pin rise edge)
                                                     20.000    20.000 r  <hidden>
                         clock pessimism              0.000    20.000    <hidden>
                         clock uncertainty           -0.035    19.965    <hidden>
                         output delay                -2.000    17.965    <hidden>
  -------------------------------------------------------------------
                         required time                         17.965    <hidden>
                         arrival time                         -10.623    <hidden>
  -------------------------------------------------------------------
                         slack                                  7.341    <hidden>

Slack (MET) :             7.397ns  (required time - arrival time)
  Source:                 f1_bus_reg_reg[4]/C
                            (rising edge-triggered cell FDCE clocked by sys_clk_pin  {rise@0.000ns fall@10.000ns period=20.000ns})
  Destination:            F1_LD[4]
                            (output port clocked by sys_clk_pin  {rise@0.000ns fall@10.000ns period=20.000ns})
  Path Group:             sys_clk_pin
  Path Type:              Max at Slow Process Corner
  Requirement:            20.000ns  (sys_clk_pin rise@20.000ns - sys_clk_pin rise@0.000ns)
  Data Path Delay:        5.612ns  (logic 3.671ns (65.415%)  route 1.941ns (34.585%))
  Logic Levels:           1  (OBUF=1)
  Output Delay:           2.000ns
  Clock Path Skew:        -4.956ns (DCD - SCD + CPR)
    Destination Clock Delay (DCD):    0.000ns = ( 20.000 - 20.000 ) 
    Source Clock Delay      (SCD):    4.956ns
    Clock Pessimism Removal (CPR):    0.000ns
  Clock Uncertainty:      0.035ns  ((TSJ^2 + TIJ^2)^1/2 + DJ) / 2 + PE
    Total System Jitter     (TSJ):    0.071ns
    Total Input Jitter      (TIJ):    0.000ns
    Discrete Jitter          (DJ):    0.000ns
    Phase Error              (PE):    0.000ns

    Location             Delay type                Incr(ns)  Path(ns)    Netlist Resource(s)
  -------------------------------------------------------------------    -------------------
                         (clock sys_clk_pin rise edge)
                                                      0.000     0.000 r  <hidden>
    B8                                                0.000     0.000 r  FPGA_CLK_50MHZ
                         net (fo=0)                   0.000     0.000    FPGA_CLK_50MHZ
    B8                   IBUF (Prop_ibuf_I_O)         1.466     1.466 r  FPGA_CLK_50MHZ_IBUF_inst/O
                         net (fo=1, routed)           1.982     3.448    FPGA_CLK_50MHZ_IBUF
    BUFGCTRL_X0Y16       BUFG (Prop_bufg_I_O)         0.081     3.529 r  FPGA_CLK_50MHZ_IBUF_BUFG_inst/O
                         net (fo=352, routed)         1.427     4.956    FPGA_CLK_50MHZ_IBUF_BUFG
    SLICE_X86Y124        FDCE                                         r  f1_bus_reg_reg[4]/C
  -------------------------------------------------------------------    -------------------
    SLICE_X86Y124        FDCE (Prop_fdce_C_Q)         0.379     5.335 r  f1_bus_reg_reg[4]/Q
                         net (fo=1, routed)           1.941     7.276    F1_LD_OBUF[4]
    B6                   OBUF (Prop_obuf_I_O)         3.292    10.568 r  F1_LD_OBUF[4]_inst/O
                         net (fo=0)                   0.000    10.568    F1_LD[4]
    B6                                                                r  F1_LD[4]
  -------------------------------------------------------------------    -------------------

                         (clock sys_clk_pin rise edge)
                                                     20.000    20.000 r  <hidden>
                         clock pessimism              0.000    20.000    <hidden>
                         clock uncertainty           -0.035    19.965    <hidden>
                         output delay                -2.000    17.965    <hidden>
  -------------------------------------------------------------------
                         required time                         17.965    <hidden>
                         arrival time                         -10.568    <hidden>
  -------------------------------------------------------------------
                         slack                                  7.397    <hidden>

Slack (MET) :             7.408ns  (required time - arrival time)
  Source:                 f1_bus_reg_reg[2]/C
                            (rising edge-triggered cell FDCE clocked by sys_clk_pin  {rise@0.000ns fall@10.000ns period=20.000ns})
  Destination:            F1_LD[2]
                            (output port clocked by sys_clk_pin  {rise@0.000ns fall@10.000ns period=20.000ns})
  Path Group:             sys_clk_pin
  Path Type:              Max at Slow Process Corner
  Requirement:            20.000ns  (sys_clk_pin rise@20.000ns - sys_clk_pin rise@0.000ns)
  Data Path Delay:        5.601ns  (logic 3.660ns (65.345%)  route 1.941ns (34.655%))
  Logic Levels:           1  (OBUF=1)
  Output Delay:           2.000ns
  Clock Path Skew:        -4.956ns (DCD - SCD + CPR)
    Destination Clock Delay (DCD):    0.000ns = ( 20.000 - 20.000 ) 
    Source Clock Delay      (SCD):    4.956ns
    Clock Pessimism Removal (CPR):    0.000ns
  Clock Uncertainty:      0.035ns  ((TSJ^2 + TIJ^2)^1/2 + DJ) / 2 + PE
    Total System Jitter     (TSJ):    0.071ns
    Total Input Jitter      (TIJ):    0.000ns
    Discrete Jitter          (DJ):    0.000ns
    Phase Error              (PE):    0.000ns

    Location             Delay type                Incr(ns)  Path(ns)    Netlist Resource(s)
  -------------------------------------------------------------------    -------------------
                         (clock sys_clk_pin rise edge)
                                                      0.000     0.000 r  <hidden>
    B8                                                0.000     0.000 r  FPGA_CLK_50MHZ
                         net (fo=0)                   0.000     0.000    FPGA_CLK_50MHZ
    B8                   IBUF (Prop_ibuf_I_O)         1.466     1.466 r  FPGA_CLK_50MHZ_IBUF_inst/O
                         net (fo=1, routed)           1.982     3.448    FPGA_CLK_50MHZ_IBUF
    BUFGCTRL_X0Y16       BUFG (Prop_bufg_I_O)         0.081     3.529 r  FPGA_CLK_50MHZ_IBUF_BUFG_inst/O
                         net (fo=352, routed)         1.427     4.956    FPGA_CLK_50MHZ_IBUF_BUFG
    SLICE_X89Y124        FDCE                                         r  f1_bus_reg_reg[2]/C
  -------------------------------------------------------------------    -------------------
    SLICE_X89Y124        FDCE (Prop_fdce_C_Q)         0.379     5.335 r  f1_bus_reg_reg[2]/Q
                         net (fo=1, routed)           1.941     7.276    F1_LD_OBUF[2]
    C5                   OBUF (Prop_obuf_I_O)         3.281    10.556 r  F1_LD_OBUF[2]_inst/O
                         net (fo=0)                   0.000    10.556    F1_LD[2]
    C5                                                                r  F1_LD[2]
  -------------------------------------------------------------------    -------------------

                         (clock sys_clk_pin rise edge)
                                                     20.000    20.000 r  <hidden>
                         clock pessimism              0.000    20.000    <hidden>
                         clock uncertainty           -0.035    19.965    <hidden>
                         output delay                -2.000    17.965    <hidden>
  -------------------------------------------------------------------
                         required time                         17.965    <hidden>
                         arrival time                         -10.556    <hidden>
  -------------------------------------------------------------------
                         slack                                  7.408    <hidden>





Min Delay Paths
--------------------------------------------------------------------------------------
Slack (MET) :             0.105ns  (arrival time - required time)
  Source:                 shadow_reg[33]/C
                            (rising edge-triggered cell FDCE clocked by sys_clk_pin  {rise@0.000ns fall@10.000ns period=20.000ns})
  Destination:            f1_bus_reg_reg[9]/D
                            (rising edge-triggered cell FDCE clocked by sys_clk_pin  {rise@0.000ns fall@10.000ns period=20.000ns})
  Path Group:             sys_clk_pin
  Path Type:              Hold (Min at Fast Process Corner)
  Requirement:            0.000ns  (sys_clk_pin rise@0.000ns - sys_clk_pin rise@0.000ns)
  Data Path Delay:        0.239ns  (logic 0.186ns (77.679%)  route 0.053ns (22.321%))
  Logic Levels:           1  (LUT6=1)
  Clock Path Skew:        0.013ns (DCD - SCD - CPR)
    Destination Clock Delay (DCD):    2.247ns
    Source Clock Delay      (SCD):    1.723ns
    Clock Pessimism Removal (CPR):    0.510ns

    Location             Delay type                Incr(ns)  Path(ns)    Netlist Resource(s)
  -------------------------------------------------------------------    -------------------
                         (clock sys_clk_pin rise edge)
                                                      0.000     0.000 r  <hidden>
    B8                                                0.000     0.000 r  FPGA_CLK_50MHZ
                         net (fo=0)                   0.000     0.000    FPGA_CLK_50MHZ
    B8                   IBUF (Prop_ibuf_I_O)         0.302     0.302 r  FPGA_CLK_50MHZ_IBUF_inst/O
                         net (fo=1, routed)           0.808     1.110    FPGA_CLK_50MHZ_IBUF
    BUFGCTRL_X0Y16       BUFG (Prop_bufg_I_O)         0.026     1.136 r  FPGA_CLK_50MHZ_IBUF_BUFG_inst/O
                         net (fo=352, routed)         0.588     1.723    FPGA_CLK_50MHZ_IBUF_BUFG
    SLICE_X89Y125        FDCE                                         r  shadow_reg[33]/C
  -------------------------------------------------------------------    -------------------
    SLICE_X89Y125        FDCE (Prop_fdce_C_Q)         0.141     1.864 r  shadow_reg[33]/Q
                         net (fo=1, routed)           0.053     1.918    shadow_reg_n_0_[33]
    SLICE_X88Y125        LUT6 (Prop_lut6_I0_O)        0.045     1.963 r  f1_bus_reg[9]_i_1/O
                         net (fo=1, routed)           0.000     1.963    f1_bus_reg[9]_i_1_n_0
    SLICE_X88Y125        FDCE                                         r  f1_bus_reg_reg[9]/D
  -------------------------------------------------------------------    -------------------

                         (clock sys_clk_pin rise edge)
                                                      0.000     0.000 r  <hidden>
    B8                                                0.000     0.000 r  FPGA_CLK_50MHZ
                         net (fo=0)                   0.000     0.000    FPGA_CLK_50MHZ
    B8                   IBUF (Prop_ibuf_I_O)         0.490     0.490 r  FPGA_CLK_50MHZ_IBUF_inst/O
                         net (fo=1, routed)           0.871     1.361    FPGA_CLK_50MHZ_IBUF
    BUFGCTRL_X0Y16       BUFG (Prop_bufg_I_O)         0.029     1.390 r  FPGA_CLK_50MHZ_IBUF_BUFG_inst/O
                         net (fo=352, routed)         0.856     2.247    FPGA_CLK_50MHZ_IBUF_BUFG
    SLICE_X88Y125        FDCE                                         r  f1_bus_reg_reg[9]/C
                         clock pessimism             -0.510     1.736    <hidden>
    SLICE_X88Y125        FDCE (Hold_fdce_C_D)         0.121     1.857    f1_bus_reg_reg[9]
  -------------------------------------------------------------------
                         required time                         -1.857    <hidden>
                         arrival time                           1.963    <hidden>
  -------------------------------------------------------------------
                         slack                                  0.105    <hidden>

Slack (MET) :             0.105ns  (arrival time - required time)
  Source:                 shadow_reg[16]/C
                            (rising edge-triggered cell FDCE clocked by sys_clk_pin  {rise@0.000ns fall@10.000ns period=20.000ns})
  Destination:            f1_bus_reg_reg[0]/D
                            (rising edge-triggered cell FDCE clocked by sys_clk_pin  {rise@0.000ns fall@10.000ns period=20.000ns})
  Path Group:             sys_clk_pin
  Path Type:              Hold (Min at Fast Process Corner)
  Requirement:            0.000ns  (sys_clk_pin rise@0.000ns - sys_clk_pin rise@0.000ns)
  Data Path Delay:        0.239ns  (logic 0.186ns (77.679%)  route 0.053ns (22.321%))
  Logic Levels:           1  (LUT6=1)
  Clock Path Skew:        0.013ns (DCD - SCD - CPR)
    Destination Clock Delay (DCD):    2.248ns
    Source Clock Delay      (SCD):    1.724ns
    Clock Pessimism Removal (CPR):    0.510ns

    Location             Delay type                Incr(ns)  Path(ns)    Netlist Resource(s)
  -------------------------------------------------------------------    -------------------
                         (clock sys_clk_pin rise edge)
                                                      0.000     0.000 r  <hidden>
    B8                                                0.000     0.000 r  FPGA_CLK_50MHZ
                         net (fo=0)                   0.000     0.000    FPGA_CLK_50MHZ
    B8                   IBUF (Prop_ibuf_I_O)         0.302     0.302 r  FPGA_CLK_50MHZ_IBUF_inst/O
                         net (fo=1, routed)           0.808     1.110    FPGA_CLK_50MHZ_IBUF
    BUFGCTRL_X0Y16       BUFG (Prop_bufg_I_O)         0.026     1.136 r  FPGA_CLK_50MHZ_IBUF_BUFG_inst/O
                         net (fo=352, routed)         0.589     1.724    FPGA_CLK_50MHZ_IBUF_BUFG
    SLICE_X89Y126        FDCE                                         r  shadow_reg[16]/C
  -------------------------------------------------------------------    -------------------
    SLICE_X89Y126        FDCE (Prop_fdce_C_Q)         0.141     1.865 r  shadow_reg[16]/Q
                         net (fo=1, routed)           0.053     1.919    in8[0]
    SLICE_X88Y126        LUT6 (Prop_lut6_I3_O)        0.045     1.964 r  f1_bus_reg[0]_i_1/O
                         net (fo=1, routed)           0.000     1.964    f1_bus_reg[0]_i_1_n_0
    SLICE_X88Y126        FDCE                                         r  f1_bus_reg_reg[0]/D
  -------------------------------------------------------------------    -------------------

                         (clock sys_clk_pin rise edge)
                                                      0.000     0.000 r  <hidden>
    B8                                                0.000     0.000 r  FPGA_CLK_50MHZ
                         net (fo=0)                   0.000     0.000    FPGA_CLK_50MHZ
    B8                   IBUF (Prop_ibuf_I_O)         0.490     0.490 r  FPGA_CLK_50MHZ_IBUF_inst/O
                         net (fo=1, routed)           0.871     1.361    FPGA_CLK_50MHZ_IBUF
    BUFGCTRL_X0Y16       BUFG (Prop_bufg_I_O)         0.029     1.390 r  FPGA_CLK_50MHZ_IBUF_BUFG_inst/O
                         net (fo=352, routed)         0.857     2.248    FPGA_CLK_50MHZ_IBUF_BUFG
    SLICE_X88Y126        FDCE                                         r  f1_bus_reg_reg[0]/C
                         clock pessimism             -0.510     1.737    <hidden>
    SLICE_X88Y126        FDCE (Hold_fdce_C_D)         0.121     1.858    f1_bus_reg_reg[0]
  -------------------------------------------------------------------
                         required time                         -1.858    <hidden>
                         arrival time                           1.964    <hidden>
  -------------------------------------------------------------------
                         slack                                  0.105    <hidden>

Slack (MET) :             0.131ns  (arrival time - required time)
  Source:                 shadow_reg[96]/C
                            (rising edge-triggered cell FDCE clocked by sys_clk_pin  {rise@0.000ns fall@10.000ns period=20.000ns})
  Destination:            f2_bus_reg_reg[0]/D
                            (rising edge-triggered cell FDCE clocked by sys_clk_pin  {rise@0.000ns fall@10.000ns period=20.000ns})
  Path Group:             sys_clk_pin
  Path Type:              Hold (Min at Fast Process Corner)
  Requirement:            0.000ns  (sys_clk_pin rise@0.000ns - sys_clk_pin rise@0.000ns)
  Data Path Delay:        0.265ns  (logic 0.186ns (70.071%)  route 0.079ns (29.929%))
  Logic Levels:           1  (LUT6=1)
  Clock Path Skew:        0.013ns (DCD - SCD - CPR)
    Destination Clock Delay (DCD):    2.248ns
    Source Clock Delay      (SCD):    1.724ns
    Clock Pessimism Removal (CPR):    0.510ns

    Location             Delay type                Incr(ns)  Path(ns)    Netlist Resource(s)
  -------------------------------------------------------------------    -------------------
                         (clock sys_clk_pin rise edge)
                                                      0.000     0.000 r  <hidden>
    B8                                                0.000     0.000 r  FPGA_CLK_50MHZ
                         net (fo=0)                   0.000     0.000    FPGA_CLK_50MHZ
    B8                   IBUF (Prop_ibuf_I_O)         0.302     0.302 r  FPGA_CLK_50MHZ_IBUF_inst/O
                         net (fo=1, routed)           0.808     1.110    FPGA_CLK_50MHZ_IBUF
    BUFGCTRL_X0Y16       BUFG (Prop_bufg_I_O)         0.026     1.136 r  FPGA_CLK_50MHZ_IBUF_BUFG_inst/O
                         net (fo=352, routed)         0.589     1.724    FPGA_CLK_50MHZ_IBUF_BUFG
    SLICE_X89Y126        FDCE                                         r  shadow_reg[96]/C
  -------------------------------------------------------------------    -------------------
    SLICE_X89Y126        FDCE (Prop_fdce_C_Q)         0.141     1.865 r  shadow_reg[96]/Q
                         net (fo=1, routed)           0.079     1.945    in11[0]
    SLICE_X88Y126        LUT6 (Prop_lut6_I3_O)        0.045     1.990 r  f2_bus_reg[0]_i_1/O
                         net (fo=1, routed)           0.000     1.990    f2_bus_reg[0]_i_1_n_0
    SLICE_X88Y126        FDCE                                         r  f2_bus_reg_reg[0]/D
  -------------------------------------------------------------------    -------------------

                         (clock sys_clk_pin rise edge)
                                                      0.000     0.000 r  <hidden>
    B8                                                0.000     0.000 r  FPGA_CLK_50MHZ
                         net (fo=0)                   0.000     0.000    FPGA_CLK_50MHZ
    B8                   IBUF (Prop_ibuf_I_O)         0.490     0.490 r  FPGA_CLK_50MHZ_IBUF_inst/O
                         net (fo=1, routed)           0.871     1.361    FPGA_CLK_50MHZ_IBUF
    BUFGCTRL_X0Y16       BUFG (Prop_bufg_I_O)         0.029     1.390 r  FPGA_CLK_50MHZ_IBUF_BUFG_inst/O
                         net (fo=352, routed)         0.857     2.248    FPGA_CLK_50MHZ_IBUF_BUFG
    SLICE_X88Y126        FDCE                                         r  f2_bus_reg_reg[0]/C
                         clock pessimism             -0.510     1.737    <hidden>
    SLICE_X88Y126        FDCE (Hold_fdce_C_D)         0.121     1.858    f2_bus_reg_reg[0]
  -------------------------------------------------------------------
                         required time                         -1.858    <hidden>
                         arrival time                           1.990    <hidden>
  -------------------------------------------------------------------
                         slack                                  0.131    <hidden>

Slack (MET) :             0.139ns  (arrival time - required time)
  Source:                 shadow_reg[17]/C
                            (rising edge-triggered cell FDCE clocked by sys_clk_pin  {rise@0.000ns fall@10.000ns period=20.000ns})
  Destination:            f1_bus_reg_reg[1]/D
                            (rising edge-triggered cell FDCE clocked by sys_clk_pin  {rise@0.000ns fall@10.000ns period=20.000ns})
  Path Group:             sys_clk_pin
  Path Type:              Hold (Min at Fast Process Corner)
  Requirement:            0.000ns  (sys_clk_pin rise@0.000ns - sys_clk_pin rise@0.000ns)
  Data Path Delay:        0.272ns  (logic 0.186ns (68.270%)  route 0.086ns (31.730%))
  Logic Levels:           1  (LUT6=1)
  Clock Path Skew:        0.013ns (DCD - SCD - CPR)
    Destination Clock Delay (DCD):    2.247ns
    Source Clock Delay      (SCD):    1.723ns
    Clock Pessimism Removal (CPR):    0.510ns

    Location             Delay type                Incr(ns)  Path(ns)    Netlist Resource(s)
  -------------------------------------------------------------------    -------------------
                         (clock sys_clk_pin rise edge)
                                                      0.000     0.000 r  <hidden>
    B8                                                0.000     0.000 r  FPGA_CLK_50MHZ
                         net (fo=0)                   0.000     0.000    FPGA_CLK_50MHZ
    B8                   IBUF (Prop_ibuf_I_O)         0.302     0.302 r  FPGA_CLK_50MHZ_IBUF_inst/O
                         net (fo=1, routed)           0.808     1.110    FPGA_CLK_50MHZ_IBUF
    BUFGCTRL_X0Y16       BUFG (Prop_bufg_I_O)         0.026     1.136 r  FPGA_CLK_50MHZ_IBUF_BUFG_inst/O
                         net (fo=352, routed)         0.588     1.723    FPGA_CLK_50MHZ_IBUF_BUFG
    SLICE_X89Y125        FDCE                                         r  shadow_reg[17]/C
  -------------------------------------------------------------------    -------------------
    SLICE_X89Y125        FDCE (Prop_fdce_C_Q)         0.141     1.864 r  shadow_reg[17]/Q
                         net (fo=1, routed)           0.086     1.951    in8[1]
    SLICE_X88Y125        LUT6 (Prop_lut6_I3_O)        0.045     1.996 r  f1_bus_reg[1]_i_1/O
                         net (fo=1, routed)           0.000     1.996    f1_bus_reg[1]_i_1_n_0
    SLICE_X88Y125        FDCE                                         r  f1_bus_reg_reg[1]/D
  -------------------------------------------------------------------    -------------------

                         (clock sys_clk_pin rise edge)
                                                      0.000     0.000 r  <hidden>
    B8                                                0.000     0.000 r  FPGA_CLK_50MHZ
                         net (fo=0)                   0.000     0.000    FPGA_CLK_50MHZ
    B8                   IBUF (Prop_ibuf_I_O)         0.490     0.490 r  FPGA_CLK_50MHZ_IBUF_inst/O
                         net (fo=1, routed)           0.871     1.361    FPGA_CLK_50MHZ_IBUF
    BUFGCTRL_X0Y16       BUFG (Prop_bufg_I_O)         0.029     1.390 r  FPGA_CLK_50MHZ_IBUF_BUFG_inst/O
                         net (fo=352, routed)         0.856     2.247    FPGA_CLK_50MHZ_IBUF_BUFG
    SLICE_X88Y125        FDCE                                         r  f1_bus_reg_reg[1]/C
                         clock pessimism             -0.510     1.736    <hidden>
    SLICE_X88Y125        FDCE (Hold_fdce_C_D)         0.120     1.856    f1_bus_reg_reg[1]
  -------------------------------------------------------------------
                         required time                         -1.856    <hidden>
                         arrival time                           1.996    <hidden>
  -------------------------------------------------------------------
                         slack                                  0.139    <hidden>

Slack (MET) :             0.139ns  (arrival time - required time)
  Source:                 shadow_reg[118]/C
                            (rising edge-triggered cell FDCE clocked by sys_clk_pin  {rise@0.000ns fall@10.000ns period=20.000ns})
  Destination:            f2_bus_reg_reg[14]/D
                            (rising edge-triggered cell FDCE clocked by sys_clk_pin  {rise@0.000ns fall@10.000ns period=20.000ns})
  Path Group:             sys_clk_pin
  Path Type:              Hold (Min at Fast Process Corner)
  Requirement:            0.000ns  (sys_clk_pin rise@0.000ns - sys_clk_pin rise@0.000ns)
  Data Path Delay:        0.272ns  (logic 0.186ns (68.270%)  route 0.086ns (31.730%))
  Logic Levels:           1  (LUT6=1)
  Clock Path Skew:        0.013ns (DCD - SCD - CPR)
    Destination Clock Delay (DCD):    2.256ns
    Source Clock Delay      (SCD):    1.731ns
    Clock Pessimism Removal (CPR):    0.511ns

    Location             Delay type                Incr(ns)  Path(ns)    Netlist Resource(s)
  -------------------------------------------------------------------    -------------------
                         (clock sys_clk_pin rise edge)
                                                      0.000     0.000 r  <hidden>
    B8                                                0.000     0.000 r  FPGA_CLK_50MHZ
                         net (fo=0)                   0.000     0.000    FPGA_CLK_50MHZ
    B8                   IBUF (Prop_ibuf_I_O)         0.302     0.302 r  FPGA_CLK_50MHZ_IBUF_inst/O
                         net (fo=1, routed)           0.808     1.110    FPGA_CLK_50MHZ_IBUF
    BUFGCTRL_X0Y16       BUFG (Prop_bufg_I_O)         0.026     1.136 r  FPGA_CLK_50MHZ_IBUF_BUFG_inst/O
                         net (fo=352, routed)         0.596     1.731    FPGA_CLK_50MHZ_IBUF_BUFG
    SLICE_X89Y116        FDCE                                         r  shadow_reg[118]/C
  -------------------------------------------------------------------    -------------------
    SLICE_X89Y116        FDCE (Prop_fdce_C_Q)         0.141     1.872 r  shadow_reg[118]/Q
                         net (fo=1, routed)           0.086     1.959    in11[14]
    SLICE_X88Y116        LUT6 (Prop_lut6_I3_O)        0.045     2.004 r  f2_bus_reg[14]_i_1/O
                         net (fo=1, routed)           0.000     2.004    f2_bus_reg[14]_i_1_n_0
    SLICE_X88Y116        FDCE                                         r  f2_bus_reg_reg[14]/D
  -------------------------------------------------------------------    -------------------

                         (clock sys_clk_pin rise edge)
                                                      0.000     0.000 r  <hidden>
    B8                                                0.000     0.000 r  FPGA_CLK_50MHZ
                         net (fo=0)                   0.000     0.000    FPGA_CLK_50MHZ
    B8                   IBUF (Prop_ibuf_I_O)         0.490     0.490 r  FPGA_CLK_50MHZ_IBUF_inst/O
                         net (fo=1, routed)           0.871     1.361    FPGA_CLK_50MHZ_IBUF
    BUFGCTRL_X0Y16       BUFG (Prop_bufg_I_O)         0.029     1.390 r  FPGA_CLK_50MHZ_IBUF_BUFG_inst/O
                         net (fo=352, routed)         0.866     2.256    FPGA_CLK_50MHZ_IBUF_BUFG
    SLICE_X88Y116        FDCE                                         r  f2_bus_reg_reg[14]/C
                         clock pessimism             -0.511     1.744    <hidden>
    SLICE_X88Y116        FDCE (Hold_fdce_C_D)         0.120     1.864    f2_bus_reg_reg[14]
  -------------------------------------------------------------------
                         required time                         -1.864    <hidden>
                         arrival time                           2.004    <hidden>
  -------------------------------------------------------------------
                         slack                                  0.139    <hidden>

Slack (MET) :             0.139ns  (arrival time - required time)
  Source:                 shadow_reg[122]/C
                            (rising edge-triggered cell FDCE clocked by sys_clk_pin  {rise@0.000ns fall@10.000ns period=20.000ns})
  Destination:            f3_bus_reg_reg[10]/D
                            (rising edge-triggered cell FDCE clocked by sys_clk_pin  {rise@0.000ns fall@10.000ns period=20.000ns})
  Path Group:             sys_clk_pin
  Path Type:              Hold (Min at Fast Process Corner)
  Requirement:            0.000ns  (sys_clk_pin rise@0.000ns - sys_clk_pin rise@0.000ns)
  Data Path Delay:        0.272ns  (logic 0.186ns (68.270%)  route 0.086ns (31.730%))
  Logic Levels:           1  (LUT5=1)
  Clock Path Skew:        0.013ns (DCD - SCD - CPR)
    Destination Clock Delay (DCD):    2.258ns
    Source Clock Delay      (SCD):    1.732ns
    Clock Pessimism Removal (CPR):    0.512ns

    Location             Delay type                Incr(ns)  Path(ns)    Netlist Resource(s)
  -------------------------------------------------------------------    -------------------
                         (clock sys_clk_pin rise edge)
                                                      0.000     0.000 r  <hidden>
    B8                                                0.000     0.000 r  FPGA_CLK_50MHZ
                         net (fo=0)                   0.000     0.000    FPGA_CLK_50MHZ
    B8                   IBUF (Prop_ibuf_I_O)         0.302     0.302 r  FPGA_CLK_50MHZ_IBUF_inst/O
                         net (fo=1, routed)           0.808     1.110    FPGA_CLK_50MHZ_IBUF
    BUFGCTRL_X0Y16       BUFG (Prop_bufg_I_O)         0.026     1.136 r  FPGA_CLK_50MHZ_IBUF_BUFG_inst/O
                         net (fo=352, routed)         0.597     1.732    FPGA_CLK_50MHZ_IBUF_BUFG
    SLICE_X89Y114        FDCE                                         r  shadow_reg[122]/C
  -------------------------------------------------------------------    -------------------
    SLICE_X89Y114        FDCE (Prop_fdce_C_Q)         0.141     1.873 r  shadow_reg[122]/Q
                         net (fo=1, routed)           0.086     1.960    in15[10]
    SLICE_X88Y114        LUT5 (Prop_lut5_I1_O)        0.045     2.005 r  f3_bus_reg[10]_i_1/O
                         net (fo=1, routed)           0.000     2.005    f3_bus_reg[10]_i_1_n_0
    SLICE_X88Y114        FDCE                                         r  f3_bus_reg_reg[10]/D
  -------------------------------------------------------------------    -------------------

                         (clock sys_clk_pin rise edge)
                                                      0.000     0.000 r  <hidden>
    B8                                                0.000     0.000 r  FPGA_CLK_50MHZ
                         net (fo=0)                   0.000     0.000    FPGA_CLK_50MHZ
    B8                   IBUF (Prop_ibuf_I_O)         0.490     0.490 r  FPGA_CLK_50MHZ_IBUF_inst/O
                         net (fo=1, routed)           0.871     1.361    FPGA_CLK_50MHZ_IBUF
    BUFGCTRL_X0Y16       BUFG (Prop_bufg_I_O)         0.029     1.390 r  FPGA_CLK_50MHZ_IBUF_BUFG_inst/O
                         net (fo=352, routed)         0.867     2.258    FPGA_CLK_50MHZ_IBUF_BUFG
    SLICE_X88Y114        FDCE                                         r  f3_bus_reg_reg[10]/C
                         clock pessimism             -0.512     1.745    <hidden>
    SLICE_X88Y114        FDCE (Hold_fdce_C_D)         0.120     1.865    f3_bus_reg_reg[10]
  -------------------------------------------------------------------
                         required time                         -1.865    <hidden>
                         arrival time                           2.005    <hidden>
  -------------------------------------------------------------------
                         slack                                  0.139    <hidden>

Slack (MET) :             0.152ns  (arrival time - required time)
  Source:                 shadow_reg[84]/C
                            (rising edge-triggered cell FDCE clocked by sys_clk_pin  {rise@0.000ns fall@10.000ns period=20.000ns})
  Destination:            f2_bus_reg_reg[12]/D
                            (rising edge-triggered cell FDCE clocked by sys_clk_pin  {rise@0.000ns fall@10.000ns period=20.000ns})
  Path Group:             sys_clk_pin
  Path Type:              Hold (Min at Fast Process Corner)
  Requirement:            0.000ns  (sys_clk_pin rise@0.000ns - sys_clk_pin rise@0.000ns)
  Data Path Delay:        0.286ns  (logic 0.186ns (65.133%)  route 0.100ns (34.866%))
  Logic Levels:           1  (LUT6=1)
  Clock Path Skew:        0.014ns (DCD - SCD - CPR)
    Destination Clock Delay (DCD):    2.253ns
    Source Clock Delay      (SCD):    1.728ns
    Clock Pessimism Removal (CPR):    0.510ns

    Location             Delay type                Incr(ns)  Path(ns)    Netlist Resource(s)
  -------------------------------------------------------------------    -------------------
                         (clock sys_clk_pin rise edge)
                                                      0.000     0.000 r  <hidden>
    B8                                                0.000     0.000 r  FPGA_CLK_50MHZ
                         net (fo=0)                   0.000     0.000    FPGA_CLK_50MHZ
    B8                   IBUF (Prop_ibuf_I_O)         0.302     0.302 r  FPGA_CLK_50MHZ_IBUF_inst/O
                         net (fo=1, routed)           0.808     1.110    FPGA_CLK_50MHZ_IBUF
    BUFGCTRL_X0Y16       BUFG (Prop_bufg_I_O)         0.026     1.136 r  FPGA_CLK_50MHZ_IBUF_BUFG_inst/O
                         net (fo=352, routed)         0.593     1.728    FPGA_CLK_50MHZ_IBUF_BUFG
    SLICE_X87Y119        FDCE                                         r  shadow_reg[84]/C
  -------------------------------------------------------------------    -------------------
    SLICE_X87Y119        FDCE (Prop_fdce_C_Q)         0.141     1.869 r  shadow_reg[84]/Q
                         net (fo=1, routed)           0.100     1.969    in10[12]
    SLICE_X88Y119        LUT6 (Prop_lut6_I0_O)        0.045     2.014 r  f2_bus_reg[12]_i_1/O
                         net (fo=1, routed)           0.000     2.014    f2_bus_reg[12]_i_1_n_0
    SLICE_X88Y119        FDCE                                         r  f2_bus_reg_reg[12]/D
  -------------------------------------------------------------------    -------------------

                         (clock sys_clk_pin rise edge)
                                                      0.000     0.000 r  <hidden>
    B8                                                0.000     0.000 r  FPGA_CLK_50MHZ
                         net (fo=0)                   0.000     0.000    FPGA_CLK_50MHZ
    B8                   IBUF (Prop_ibuf_I_O)         0.490     0.490 r  FPGA_CLK_50MHZ_IBUF_inst/O
                         net (fo=1, routed)           0.871     1.361    FPGA_CLK_50MHZ_IBUF
    BUFGCTRL_X0Y16       BUFG (Prop_bufg_I_O)         0.029     1.390 r  FPGA_CLK_50MHZ_IBUF_BUFG_inst/O
                         net (fo=352, routed)         0.862     2.253    FPGA_CLK_50MHZ_IBUF_BUFG
    SLICE_X88Y119        FDCE                                         r  f2_bus_reg_reg[12]/C
                         clock pessimism             -0.510     1.742    <hidden>
    SLICE_X88Y119        FDCE (Hold_fdce_C_D)         0.120     1.862    f2_bus_reg_reg[12]
  -------------------------------------------------------------------
                         required time                         -1.862    <hidden>
                         arrival time                           2.014    <hidden>
  -------------------------------------------------------------------
                         slack                                  0.152    <hidden>

Slack (MET) :             0.152ns  (arrival time - required time)
  Source:                 shadow_reg[23]/C
                            (rising edge-triggered cell FDCE clocked by sys_clk_pin  {rise@0.000ns fall@10.000ns period=20.000ns})
  Destination:            f1_bus_reg_reg[7]/D
                            (rising edge-triggered cell FDCE clocked by sys_clk_pin  {rise@0.000ns fall@10.000ns period=20.000ns})
  Path Group:             sys_clk_pin
  Path Type:              Hold (Min at Fast Process Corner)
  Requirement:            0.000ns  (sys_clk_pin rise@0.000ns - sys_clk_pin rise@0.000ns)
  Data Path Delay:        0.257ns  (logic 0.209ns (81.182%)  route 0.048ns (18.818%))
  Logic Levels:           1  (LUT6=1)
  Clock Path Skew:        0.013ns (DCD - SCD - CPR)
    Destination Clock Delay (DCD):    2.247ns
    Source Clock Delay      (SCD):    1.723ns
    Clock Pessimism Removal (CPR):    0.510ns

    Location             Delay type                Incr(ns)  Path(ns)    Netlist Resource(s)
  -------------------------------------------------------------------    -------------------
                         (clock sys_clk_pin rise edge)
                                                      0.000     0.000 r  <hidden>
    B8                                                0.000     0.000 r  FPGA_CLK_50MHZ
                         net (fo=0)                   0.000     0.000    FPGA_CLK_50MHZ
    B8                   IBUF (Prop_ibuf_I_O)         0.302     0.302 r  FPGA_CLK_50MHZ_IBUF_inst/O
                         net (fo=1, routed)           0.808     1.110    FPGA_CLK_50MHZ_IBUF
    BUFGCTRL_X0Y16       BUFG (Prop_bufg_I_O)         0.026     1.136 r  FPGA_CLK_50MHZ_IBUF_BUFG_inst/O
                         net (fo=352, routed)         0.588     1.723    FPGA_CLK_50MHZ_IBUF_BUFG
    SLICE_X88Y124        FDCE                                         r  shadow_reg[23]/C
  -------------------------------------------------------------------    -------------------
    SLICE_X88Y124        FDCE (Prop_fdce_C_Q)         0.164     1.887 r  shadow_reg[23]/Q
                         net (fo=1, routed)           0.048     1.936    in8[7]
    SLICE_X89Y124        LUT6 (Prop_lut6_I3_O)        0.045     1.981 r  f1_bus_reg[7]_i_1/O
                         net (fo=1, routed)           0.000     1.981    f1_bus_reg[7]_i_1_n_0
    SLICE_X89Y124        FDCE                                         r  f1_bus_reg_reg[7]/D
  -------------------------------------------------------------------    -------------------

                         (clock sys_clk_pin rise edge)
                                                      0.000     0.000 r  <hidden>
    B8                                                0.000     0.000 r  FPGA_CLK_50MHZ
                         net (fo=0)                   0.000     0.000    FPGA_CLK_50MHZ
    B8                   IBUF (Prop_ibuf_I_O)         0.490     0.490 r  FPGA_CLK_50MHZ_IBUF_inst/O
                         net (fo=1, routed)           0.871     1.361    FPGA_CLK_50MHZ_IBUF
    BUFGCTRL_X0Y16       BUFG (Prop_bufg_I_O)         0.029     1.390 r  FPGA_CLK_50MHZ_IBUF_BUFG_inst/O
                         net (fo=352, routed)         0.856     2.247    FPGA_CLK_50MHZ_IBUF_BUFG
    SLICE_X89Y124        FDCE                                         r  f1_bus_reg_reg[7]/C
                         clock pessimism             -0.510     1.736    <hidden>
    SLICE_X89Y124        FDCE (Hold_fdce_C_D)         0.092     1.828    f1_bus_reg_reg[7]
  -------------------------------------------------------------------
                         required time                         -1.828    <hidden>
                         arrival time                           1.981    <hidden>
  -------------------------------------------------------------------
                         slack                                  0.152    <hidden>

Slack (MET) :             0.153ns  (arrival time - required time)
  Source:                 shadow_reg[53]/C
                            (rising edge-triggered cell FDCE clocked by sys_clk_pin  {rise@0.000ns fall@10.000ns period=20.000ns})
  Destination:            f1_bus_reg_reg[13]/D
                            (rising edge-triggered cell FDCE clocked by sys_clk_pin  {rise@0.000ns fall@10.000ns period=20.000ns})
  Path Group:             sys_clk_pin
  Path Type:              Hold (Min at Fast Process Corner)
  Requirement:            0.000ns  (sys_clk_pin rise@0.000ns - sys_clk_pin rise@0.000ns)
  Data Path Delay:        0.286ns  (logic 0.186ns (65.133%)  route 0.100ns (34.866%))
  Logic Levels:           1  (LUT6=1)
  Clock Path Skew:        0.013ns (DCD - SCD - CPR)
    Destination Clock Delay (DCD):    2.248ns
    Source Clock Delay      (SCD):    1.724ns
    Clock Pessimism Removal (CPR):    0.510ns

    Location             Delay type                Incr(ns)  Path(ns)    Netlist Resource(s)
  -------------------------------------------------------------------    -------------------
                         (clock sys_clk_pin rise edge)
                                                      0.000     0.000 r  <hidden>
    B8                                                0.000     0.000 r  FPGA_CLK_50MHZ
                         net (fo=0)                   0.000     0.000    FPGA_CLK_50MHZ
    B8                   IBUF (Prop_ibuf_I_O)         0.302     0.302 r  FPGA_CLK_50MHZ_IBUF_inst/O
                         net (fo=1, routed)           0.808     1.110    FPGA_CLK_50MHZ_IBUF
    BUFGCTRL_X0Y16       BUFG (Prop_bufg_I_O)         0.026     1.136 r  FPGA_CLK_50MHZ_IBUF_BUFG_inst/O
                         net (fo=352, routed)         0.589     1.724    FPGA_CLK_50MHZ_IBUF_BUFG
    SLICE_X87Y126        FDCE                                         r  shadow_reg[53]/C
  -------------------------------------------------------------------    -------------------
    SLICE_X87Y126        FDCE (Prop_fdce_C_Q)         0.141     1.865 r  shadow_reg[53]/Q
                         net (fo=1, routed)           0.100     1.965    in8[13]
    SLICE_X88Y126        LUT6 (Prop_lut6_I3_O)        0.045     2.010 r  f1_bus_reg[13]_i_1/O
                         net (fo=1, routed)           0.000     2.010    f1_bus_reg[13]_i_1_n_0
    SLICE_X88Y126        FDCE                                         r  f1_bus_reg_reg[13]/D
  -------------------------------------------------------------------    -------------------

                         (clock sys_clk_pin rise edge)
                                                      0.000     0.000 r  <hidden>
    B8                                                0.000     0.000 r  FPGA_CLK_50MHZ
                         net (fo=0)                   0.000     0.000    FPGA_CLK_50MHZ
    B8                   IBUF (Prop_ibuf_I_O)         0.490     0.490 r  FPGA_CLK_50MHZ_IBUF_inst/O
                         net (fo=1, routed)           0.871     1.361    FPGA_CLK_50MHZ_IBUF
    BUFGCTRL_X0Y16       BUFG (Prop_bufg_I_O)         0.029     1.390 r  FPGA_CLK_50MHZ_IBUF_BUFG_inst/O
                         net (fo=352, routed)         0.857     2.248    FPGA_CLK_50MHZ_IBUF_BUFG
    SLICE_X88Y126        FDCE                                         r  f1_bus_reg_reg[13]/C
                         clock pessimism             -0.510     1.737    <hidden>
    SLICE_X88Y126        FDCE (Hold_fdce_C_D)         0.120     1.857    f1_bus_reg_reg[13]
  -------------------------------------------------------------------
                         required time                         -1.857    <hidden>
                         arrival time                           2.010    <hidden>
  -------------------------------------------------------------------
                         slack                                  0.153    <hidden>

Slack (MET) :             0.154ns  (arrival time - required time)
  Source:                 shadow_reg[13]/C
                            (rising edge-triggered cell FDCE clocked by sys_clk_pin  {rise@0.000ns fall@10.000ns period=20.000ns})
  Destination:            f1_bus_reg_reg[5]/D
                            (rising edge-triggered cell FDCE clocked by sys_clk_pin  {rise@0.000ns fall@10.000ns period=20.000ns})
  Path Group:             sys_clk_pin
  Path Type:              Hold (Min at Fast Process Corner)
  Requirement:            0.000ns  (sys_clk_pin rise@0.000ns - sys_clk_pin rise@0.000ns)
  Data Path Delay:        0.288ns  (logic 0.186ns (64.581%)  route 0.102ns (35.419%))
  Logic Levels:           1  (LUT6=1)
  Clock Path Skew:        0.013ns (DCD - SCD - CPR)
    Destination Clock Delay (DCD):    2.248ns
    Source Clock Delay      (SCD):    1.724ns
    Clock Pessimism Removal (CPR):    0.510ns

    Location             Delay type                Incr(ns)  Path(ns)    Netlist Resource(s)
  -------------------------------------------------------------------    -------------------
                         (clock sys_clk_pin rise edge)
                                                      0.000     0.000 r  <hidden>
    B8                                                0.000     0.000 r  FPGA_CLK_50MHZ
                         net (fo=0)                   0.000     0.000    FPGA_CLK_50MHZ
    B8                   IBUF (Prop_ibuf_I_O)         0.302     0.302 r  FPGA_CLK_50MHZ_IBUF_inst/O
                         net (fo=1, routed)           0.808     1.110    FPGA_CLK_50MHZ_IBUF
    BUFGCTRL_X0Y16       BUFG (Prop_bufg_I_O)         0.026     1.136 r  FPGA_CLK_50MHZ_IBUF_BUFG_inst/O
                         net (fo=352, routed)         0.589     1.724    FPGA_CLK_50MHZ_IBUF_BUFG
    SLICE_X86Y126        FDCE                                         r  shadow_reg[13]/C
  -------------------------------------------------------------------    -------------------
    SLICE_X86Y126        FDCE (Prop_fdce_C_Q)         0.141     1.865 r  shadow_reg[13]/Q
                         net (fo=1, routed)           0.102     1.967    in9[5]
    SLICE_X88Y126        LUT6 (Prop_lut6_I5_O)        0.045     2.012 r  f1_bus_reg[5]_i_1/O
                         net (fo=1, routed)           0.000     2.012    f1_bus_reg[5]_i_1_n_0
    SLICE_X88Y126        FDCE                                         r  f1_bus_reg_reg[5]/D
  -------------------------------------------------------------------    -------------------

                         (clock sys_clk_pin rise edge)
                                                      0.000     0.000 r  <hidden>
    B8                                                0.000     0.000 r  FPGA_CLK_50MHZ
                         net (fo=0)                   0.000     0.000    FPGA_CLK_50MHZ
    B8                   IBUF (Prop_ibuf_I_O)         0.490     0.490 r  FPGA_CLK_50MHZ_IBUF_inst/O
                         net (fo=1, routed)           0.871     1.361    FPGA_CLK_50MHZ_IBUF
    BUFGCTRL_X0Y16       BUFG (Prop_bufg_I_O)         0.029     1.390 r  FPGA_CLK_50MHZ_IBUF_BUFG_inst/O
                         net (fo=352, routed)         0.857     2.248    FPGA_CLK_50MHZ_IBUF_BUFG
    SLICE_X88Y126        FDCE                                         r  f1_bus_reg_reg[5]/C
                         clock pessimism             -0.510     1.737    <hidden>
    SLICE_X88Y126        FDCE (Hold_fdce_C_D)         0.121     1.858    f1_bus_reg_reg[5]
  -------------------------------------------------------------------
                         required time                         -1.858    <hidden>
                         arrival time                           2.012    <hidden>
  -------------------------------------------------------------------
                         slack                                  0.154    <hidden>





Pulse Width Checks
--------------------------------------------------------------------------------------
Clock Name:         sys_clk_pin
Waveform(ns):       { 0.000 10.000 }
Period(ns):         20.000
Sources:            { FPGA_CLK_50MHZ }

Check Type        Corner  Lib Pin  Reference Pin  Required(ns)  Actual(ns)  Slack(ns)  Location        Pin
Min Period        n/a     BUFG/I   n/a            1.592         20.000      18.408     BUFGCTRL_X0Y16  FPGA_CLK_50MHZ_IBUF_BUFG_inst/I
Min Period        n/a     FDPE/C   n/a            1.000         20.000      19.000     SLICE_X85Y122   FSM_onehot_cmd_fsm_reg[0]/C
Min Period        n/a     FDCE/C   n/a            1.000         20.000      19.000     SLICE_X83Y120   FSM_onehot_cmd_fsm_reg[10]/C
Min Period        n/a     FDCE/C   n/a            1.000         20.000      19.000     SLICE_X83Y120   FSM_onehot_cmd_fsm_reg[11]/C
Min Period        n/a     FDCE/C   n/a            1.000         20.000      19.000     SLICE_X84Y122   FSM_onehot_cmd_fsm_reg[1]/C
Min Period        n/a     FDCE/C   n/a            1.000         20.000      19.000     SLICE_X85Y122   FSM_onehot_cmd_fsm_reg[2]/C
Min Period        n/a     FDCE/C   n/a            1.000         20.000      19.000     SLICE_X83Y117   FSM_onehot_cmd_fsm_reg[3]/C
Min Period        n/a     FDCE/C   n/a            1.000         20.000      19.000     SLICE_X83Y117   FSM_onehot_cmd_fsm_reg[4]/C
Min Period        n/a     FDCE/C   n/a            1.000         20.000      19.000     SLICE_X83Y120   FSM_onehot_cmd_fsm_reg[5]/C
Min Period        n/a     FDCE/C   n/a            1.000         20.000      19.000     SLICE_X83Y120   FSM_onehot_cmd_fsm_reg[6]/C
Low Pulse Width   Slow    FDPE/C   n/a            0.500         10.000      9.500      SLICE_X85Y122   FSM_onehot_cmd_fsm_reg[0]/C
Low Pulse Width   Fast    FDPE/C   n/a            0.500         10.000      9.500      SLICE_X85Y122   FSM_onehot_cmd_fsm_reg[0]/C
Low Pulse Width   Slow    FDCE/C   n/a            0.500         10.000      9.500      SLICE_X83Y120   FSM_onehot_cmd_fsm_reg[10]/C
Low Pulse Width   Fast    FDCE/C   n/a            0.500         10.000      9.500      SLICE_X83Y120   FSM_onehot_cmd_fsm_reg[10]/C
Low Pulse Width   Slow    FDCE/C   n/a            0.500         10.000      9.500      SLICE_X83Y120   FSM_onehot_cmd_fsm_reg[11]/C
Low Pulse Width   Fast    FDCE/C   n/a            0.500         10.000      9.500      SLICE_X83Y120   FSM_onehot_cmd_fsm_reg[11]/C
Low Pulse Width   Slow    FDCE/C   n/a            0.500         10.000      9.500      SLICE_X84Y122   FSM_onehot_cmd_fsm_reg[1]/C
Low Pulse Width   Fast    FDCE/C   n/a            0.500         10.000      9.500      SLICE_X84Y122   FSM_onehot_cmd_fsm_reg[1]/C
Low Pulse Width   Slow    FDCE/C   n/a            0.500         10.000      9.500      SLICE_X85Y122   FSM_onehot_cmd_fsm_reg[2]/C
Low Pulse Width   Fast    FDCE/C   n/a            0.500         10.000      9.500      SLICE_X85Y122   FSM_onehot_cmd_fsm_reg[2]/C
High Pulse Width  Slow    FDPE/C   n/a            0.500         10.000      9.500      SLICE_X85Y122   FSM_onehot_cmd_fsm_reg[0]/C
High Pulse Width  Fast    FDPE/C   n/a            0.500         10.000      9.500      SLICE_X85Y122   FSM_onehot_cmd_fsm_reg[0]/C
High Pulse Width  Slow    FDCE/C   n/a            0.500         10.000      9.500      SLICE_X83Y120   FSM_onehot_cmd_fsm_reg[10]/C
High Pulse Width  Fast    FDCE/C   n/a            0.500         10.000      9.500      SLICE_X83Y120   FSM_onehot_cmd_fsm_reg[10]/C
High Pulse Width  Slow    FDCE/C   n/a            0.500         10.000      9.500      SLICE_X83Y120   FSM_onehot_cmd_fsm_reg[11]/C
High Pulse Width  Fast    FDCE/C   n/a            0.500         10.000      9.500      SLICE_X83Y120   FSM_onehot_cmd_fsm_reg[11]/C
High Pulse Width  Slow    FDCE/C   n/a            0.500         10.000      9.500      SLICE_X84Y122   FSM_onehot_cmd_fsm_reg[1]/C
High Pulse Width  Fast    FDCE/C   n/a            0.500         10.000      9.500      SLICE_X84Y122   FSM_onehot_cmd_fsm_reg[1]/C
High Pulse Width  Slow    FDCE/C   n/a            0.500         10.000      9.500      SLICE_X85Y122   FSM_onehot_cmd_fsm_reg[2]/C
High Pulse Width  Fast    FDCE/C   n/a            0.500         10.000      9.500      SLICE_X85Y122   FSM_onehot_cmd_fsm_reg[2]/C



---------------------------------------------------------------------------------------------------
Path Group:  **async_default**
From Clock:  sys_clk_pin
  To Clock:  sys_clk_pin

Setup :            0  Failing Endpoints,  Worst Slack       14.990ns,  Total Violation        0.000ns
Hold  :            0  Failing Endpoints,  Worst Slack        0.513ns,  Total Violation        0.000ns
---------------------------------------------------------------------------------------------------


Max Delay Paths
--------------------------------------------------------------------------------------
Slack (MET) :             14.990ns  (required time - arrival time)
  Source:                 RESET_SW
                            (input port clocked by sys_clk_pin  {rise@0.000ns fall@10.000ns period=20.000ns})
  Destination:            f2_bus_reg_reg[5]/CLR
                            (recovery check against rising-edge clock sys_clk_pin  {rise@0.000ns fall@10.000ns period=20.000ns})
  Path Group:             **async_default**
  Path Type:              Recovery (Max at Slow Process Corner)
  Requirement:            20.000ns  (sys_clk_pin rise@20.000ns - sys_clk_pin rise@0.000ns)
  Data Path Delay:        7.323ns  (logic 1.504ns (20.533%)  route 5.820ns (79.467%))
  Logic Levels:           2  (IBUF=1 LUT1=1)
  Input Delay:            2.000ns
  Clock Path Skew:        4.680ns (DCD - SCD + CPR)
    Destination Clock Delay (DCD):    4.680ns = ( 24.680 - 20.000 ) 
    Source Clock Delay      (SCD):    0.000ns
    Clock Pessimism Removal (CPR):    0.000ns
  Clock Uncertainty:      0.035ns  ((TSJ^2 + TIJ^2)^1/2 + DJ) / 2 + PE
    Total System Jitter     (TSJ):    0.071ns
    Total Input Jitter      (TIJ):    0.000ns
    Discrete Jitter          (DJ):    0.000ns
    Phase Error              (PE):    0.000ns

    Location             Delay type                Incr(ns)  Path(ns)    Netlist Resource(s)
  -------------------------------------------------------------------    -------------------
                         (clock sys_clk_pin rise edge)
                                                      0.000     0.000 r  <hidden>
                         input delay                  2.000     2.000    <hidden>
    D10                                               0.000     2.000 r  RESET_SW
                         net (fo=0)                   0.000     2.000    RESET_SW
    D10                  IBUF (Prop_ibuf_I_O)         1.399     3.399 r  RESET_SW_IBUF_inst/O
                         net (fo=1, routed)           0.991     4.389    RESET_SW_IBUF
    SLICE_X0Y157         LUT1 (Prop_lut1_I0_O)        0.105     4.494 f  FSM_onehot_rx_byte_idx[3]_i_2/O
                         net (fo=311, routed)         4.829     9.323    FSM_onehot_rx_byte_idx[3]_i_2_n_0
    SLICE_X87Y127        FDCE                                         f  f2_bus_reg_reg[5]/CLR
  -------------------------------------------------------------------    -------------------

                         (clock sys_clk_pin rise edge)
                                                     20.000    20.000 r  <hidden>
    B8                                                0.000    20.000 r  FPGA_CLK_50MHZ
                         net (fo=0)                   0.000    20.000    FPGA_CLK_50MHZ
    B8                   IBUF (Prop_ibuf_I_O)         1.399    21.399 r  FPGA_CLK_50MHZ_IBUF_inst/O
                         net (fo=1, routed)           1.880    23.279    FPGA_CLK_50MHZ_IBUF
    BUFGCTRL_X0Y16       BUFG (Prop_bufg_I_O)         0.077    23.356 r  FPGA_CLK_50MHZ_IBUF_BUFG_inst/O
                         net (fo=352, routed)         1.324    24.680    FPGA_CLK_50MHZ_IBUF_BUFG
    SLICE_X87Y127        FDCE                                         r  f2_bus_reg_reg[5]/C
                         clock pessimism              0.000    24.680    <hidden>
                         clock uncertainty           -0.035    24.645    <hidden>
    SLICE_X87Y127        FDCE (Recov_fdce_C_CLR)     -0.331    24.314    f2_bus_reg_reg[5]
  -------------------------------------------------------------------
                         required time                         24.314    <hidden>
                         arrival time                          -9.323    <hidden>
  -------------------------------------------------------------------
                         slack                                 14.990    <hidden>

Slack (MET) :             15.038ns  (required time - arrival time)
  Source:                 RESET_SW
                            (input port clocked by sys_clk_pin  {rise@0.000ns fall@10.000ns period=20.000ns})
  Destination:            shadow_reg[111]/CLR
                            (recovery check against rising-edge clock sys_clk_pin  {rise@0.000ns fall@10.000ns period=20.000ns})
  Path Group:             **async_default**
  Path Type:              Recovery (Max at Slow Process Corner)
  Requirement:            20.000ns  (sys_clk_pin rise@20.000ns - sys_clk_pin rise@0.000ns)
  Data Path Delay:        7.281ns  (logic 1.504ns (20.653%)  route 5.777ns (79.347%))
  Logic Levels:           2  (IBUF=1 LUT1=1)
  Input Delay:            2.000ns
  Clock Path Skew:        4.685ns (DCD - SCD + CPR)
    Destination Clock Delay (DCD):    4.685ns = ( 24.685 - 20.000 ) 
    Source Clock Delay      (SCD):    0.000ns
    Clock Pessimism Removal (CPR):    0.000ns
  Clock Uncertainty:      0.035ns  ((TSJ^2 + TIJ^2)^1/2 + DJ) / 2 + PE
    Total System Jitter     (TSJ):    0.071ns
    Total Input Jitter      (TIJ):    0.000ns
    Discrete Jitter          (DJ):    0.000ns
    Phase Error              (PE):    0.000ns

    Location             Delay type                Incr(ns)  Path(ns)    Netlist Resource(s)
  -------------------------------------------------------------------    -------------------
                         (clock sys_clk_pin rise edge)
                                                      0.000     0.000 r  <hidden>
                         input delay                  2.000     2.000    <hidden>
    D10                                               0.000     2.000 r  RESET_SW
                         net (fo=0)                   0.000     2.000    RESET_SW
    D10                  IBUF (Prop_ibuf_I_O)         1.399     3.399 r  RESET_SW_IBUF_inst/O
                         net (fo=1, routed)           0.991     4.389    RESET_SW_IBUF
    SLICE_X0Y157         LUT1 (Prop_lut1_I0_O)        0.105     4.494 f  FSM_onehot_rx_byte_idx[3]_i_2/O
                         net (fo=311, routed)         4.786     9.281    FSM_onehot_rx_byte_idx[3]_i_2_n_0
    SLICE_X86Y117        FDCE                                         f  shadow_reg[111]/CLR
  -------------------------------------------------------------------    -------------------

                         (clock sys_clk_pin rise edge)
                                                     20.000    20.000 r  <hidden>
    B8                                                0.000    20.000 r  FPGA_CLK_50MHZ
                         net (fo=0)                   0.000    20.000    FPGA_CLK_50MHZ
    B8                   IBUF (Prop_ibuf_I_O)         1.399    21.399 r  FPGA_CLK_50MHZ_IBUF_inst/O
                         net (fo=1, routed)           1.880    23.279    FPGA_CLK_50MHZ_IBUF
    BUFGCTRL_X0Y16       BUFG (Prop_bufg_I_O)         0.077    23.356 r  FPGA_CLK_50MHZ_IBUF_BUFG_inst/O
                         net (fo=352, routed)         1.329    24.685    FPGA_CLK_50MHZ_IBUF_BUFG
    SLICE_X86Y117        FDCE                                         r  shadow_reg[111]/C
                         clock pessimism              0.000    24.685    <hidden>
                         clock uncertainty           -0.035    24.650    <hidden>
    SLICE_X86Y117        FDCE (Recov_fdce_C_CLR)     -0.331    24.319    shadow_reg[111]
  -------------------------------------------------------------------
                         required time                         24.319    <hidden>
                         arrival time                          -9.281    <hidden>
  -------------------------------------------------------------------
                         slack                                 15.038    <hidden>

Slack (MET) :             15.038ns  (required time - arrival time)
  Source:                 RESET_SW
                            (input port clocked by sys_clk_pin  {rise@0.000ns fall@10.000ns period=20.000ns})
  Destination:            shadow_reg[127]/CLR
                            (recovery check against rising-edge clock sys_clk_pin  {rise@0.000ns fall@10.000ns period=20.000ns})
  Path Group:             **async_default**
  Path Type:              Recovery (Max at Slow Process Corner)
  Requirement:            20.000ns  (sys_clk_pin rise@20.000ns - sys_clk_pin rise@0.000ns)
  Data Path Delay:        7.281ns  (logic 1.504ns (20.653%)  route 5.777ns (79.347%))
  Logic Levels:           2  (IBUF=1 LUT1=1)
  Input Delay:            2.000ns
  Clock Path Skew:        4.685ns (DCD - SCD + CPR)
    Destination Clock Delay (DCD):    4.685ns = ( 24.685 - 20.000 ) 
    Source Clock Delay      (SCD):    0.000ns
    Clock Pessimism Removal (CPR):    0.000ns
  Clock Uncertainty:      0.035ns  ((TSJ^2 + TIJ^2)^1/2 + DJ) / 2 + PE
    Total System Jitter     (TSJ):    0.071ns
    Total Input Jitter      (TIJ):    0.000ns
    Discrete Jitter          (DJ):    0.000ns
    Phase Error              (PE):    0.000ns

    Location             Delay type                Incr(ns)  Path(ns)    Netlist Resource(s)
  -------------------------------------------------------------------    -------------------
                         (clock sys_clk_pin rise edge)
                                                      0.000     0.000 r  <hidden>
                         input delay                  2.000     2.000    <hidden>
    D10                                               0.000     2.000 r  RESET_SW
                         net (fo=0)                   0.000     2.000    RESET_SW
    D10                  IBUF (Prop_ibuf_I_O)         1.399     3.399 r  RESET_SW_IBUF_inst/O
                         net (fo=1, routed)           0.991     4.389    RESET_SW_IBUF
    SLICE_X0Y157         LUT1 (Prop_lut1_I0_O)        0.105     4.494 f  FSM_onehot_rx_byte_idx[3]_i_2/O
                         net (fo=311, routed)         4.786     9.281    FSM_onehot_rx_byte_idx[3]_i_2_n_0
    SLICE_X86Y117        FDCE                                         f  shadow_reg[127]/CLR
  -------------------------------------------------------------------    -------------------

                         (clock sys_clk_pin rise edge)
                                                     20.000    20.000 r  <hidden>
    B8                                                0.000    20.000 r  FPGA_CLK_50MHZ
                         net (fo=0)                   0.000    20.000    FPGA_CLK_50MHZ
    B8                   IBUF (Prop_ibuf_I_O)         1.399    21.399 r  FPGA_CLK_50MHZ_IBUF_inst/O
                         net (fo=1, routed)           1.880    23.279    FPGA_CLK_50MHZ_IBUF
    BUFGCTRL_X0Y16       BUFG (Prop_bufg_I_O)         0.077    23.356 r  FPGA_CLK_50MHZ_IBUF_BUFG_inst/O
                         net (fo=352, routed)         1.329    24.685    FPGA_CLK_50MHZ_IBUF_BUFG
    SLICE_X86Y117        FDCE                                         r  shadow_reg[127]/C
                         clock pessimism              0.000    24.685    <hidden>
                         clock uncertainty           -0.035    24.650    <hidden>
    SLICE_X86Y117        FDCE (Recov_fdce_C_CLR)     -0.331    24.319    shadow_reg[127]
  -------------------------------------------------------------------
                         required time                         24.319    <hidden>
                         arrival time                          -9.281    <hidden>
  -------------------------------------------------------------------
                         slack                                 15.038    <hidden>

Slack (MET) :             15.038ns  (required time - arrival time)
  Source:                 RESET_SW
                            (input port clocked by sys_clk_pin  {rise@0.000ns fall@10.000ns period=20.000ns})
  Destination:            shadow_reg[143]/CLR
                            (recovery check against rising-edge clock sys_clk_pin  {rise@0.000ns fall@10.000ns period=20.000ns})
  Path Group:             **async_default**
  Path Type:              Recovery (Max at Slow Process Corner)
  Requirement:            20.000ns  (sys_clk_pin rise@20.000ns - sys_clk_pin rise@0.000ns)
  Data Path Delay:        7.281ns  (logic 1.504ns (20.653%)  route 5.777ns (79.347%))
  Logic Levels:           2  (IBUF=1 LUT1=1)
  Input Delay:            2.000ns
  Clock Path Skew:        4.685ns (DCD - SCD + CPR)
    Destination Clock Delay (DCD):    4.685ns = ( 24.685 - 20.000 ) 
    Source Clock Delay      (SCD):    0.000ns
    Clock Pessimism Removal (CPR):    0.000ns
  Clock Uncertainty:      0.035ns  ((TSJ^2 + TIJ^2)^1/2 + DJ) / 2 + PE
    Total System Jitter     (TSJ):    0.071ns
    Total Input Jitter      (TIJ):    0.000ns
    Discrete Jitter          (DJ):    0.000ns
    Phase Error              (PE):    0.000ns

    Location             Delay type                Incr(ns)  Path(ns)    Netlist Resource(s)
  -------------------------------------------------------------------    -------------------
                         (clock sys_clk_pin rise edge)
                                                      0.000     0.000 r  <hidden>
                         input delay                  2.000     2.000    <hidden>
    D10                                               0.000     2.000 r  RESET_SW
                         net (fo=0)                   0.000     2.000    RESET_SW
    D10                  IBUF (Prop_ibuf_I_O)         1.399     3.399 r  RESET_SW_IBUF_inst/O
                         net (fo=1, routed)           0.991     4.389    RESET_SW_IBUF
    SLICE_X0Y157         LUT1 (Prop_lut1_I0_O)        0.105     4.494 f  FSM_onehot_rx_byte_idx[3]_i_2/O
                         net (fo=311, routed)         4.786     9.281    FSM_onehot_rx_byte_idx[3]_i_2_n_0
    SLICE_X86Y117        FDCE                                         f  shadow_reg[143]/CLR
  -------------------------------------------------------------------    -------------------

                         (clock sys_clk_pin rise edge)
                                                     20.000    20.000 r  <hidden>
    B8                                                0.000    20.000 r  FPGA_CLK_50MHZ
                         net (fo=0)                   0.000    20.000    FPGA_CLK_50MHZ
    B8                   IBUF (Prop_ibuf_I_O)         1.399    21.399 r  FPGA_CLK_50MHZ_IBUF_inst/O
                         net (fo=1, routed)           1.880    23.279    FPGA_CLK_50MHZ_IBUF
    BUFGCTRL_X0Y16       BUFG (Prop_bufg_I_O)         0.077    23.356 r  FPGA_CLK_50MHZ_IBUF_BUFG_inst/O
                         net (fo=352, routed)         1.329    24.685    FPGA_CLK_50MHZ_IBUF_BUFG
    SLICE_X86Y117        FDCE                                         r  shadow_reg[143]/C
                         clock pessimism              0.000    24.685    <hidden>
                         clock uncertainty           -0.035    24.650    <hidden>
    SLICE_X86Y117        FDCE (Recov_fdce_C_CLR)     -0.331    24.319    shadow_reg[143]
  -------------------------------------------------------------------
                         required time                         24.319    <hidden>
                         arrival time                          -9.281    <hidden>
  -------------------------------------------------------------------
                         slack                                 15.038    <hidden>

Slack (MET) :             15.038ns  (required time - arrival time)
  Source:                 RESET_SW
                            (input port clocked by sys_clk_pin  {rise@0.000ns fall@10.000ns period=20.000ns})
  Destination:            shadow_reg[159]/CLR
                            (recovery check against rising-edge clock sys_clk_pin  {rise@0.000ns fall@10.000ns period=20.000ns})
  Path Group:             **async_default**
  Path Type:              Recovery (Max at Slow Process Corner)
  Requirement:            20.000ns  (sys_clk_pin rise@20.000ns - sys_clk_pin rise@0.000ns)
  Data Path Delay:        7.281ns  (logic 1.504ns (20.653%)  route 5.777ns (79.347%))
  Logic Levels:           2  (IBUF=1 LUT1=1)
  Input Delay:            2.000ns
  Clock Path Skew:        4.685ns (DCD - SCD + CPR)
    Destination Clock Delay (DCD):    4.685ns = ( 24.685 - 20.000 ) 
    Source Clock Delay      (SCD):    0.000ns
    Clock Pessimism Removal (CPR):    0.000ns
  Clock Uncertainty:      0.035ns  ((TSJ^2 + TIJ^2)^1/2 + DJ) / 2 + PE
    Total System Jitter     (TSJ):    0.071ns
    Total Input Jitter      (TIJ):    0.000ns
    Discrete Jitter          (DJ):    0.000ns
    Phase Error              (PE):    0.000ns

    Location             Delay type                Incr(ns)  Path(ns)    Netlist Resource(s)
  -------------------------------------------------------------------    -------------------
                         (clock sys_clk_pin rise edge)
                                                      0.000     0.000 r  <hidden>
                         input delay                  2.000     2.000    <hidden>
    D10                                               0.000     2.000 r  RESET_SW
                         net (fo=0)                   0.000     2.000    RESET_SW
    D10                  IBUF (Prop_ibuf_I_O)         1.399     3.399 r  RESET_SW_IBUF_inst/O
                         net (fo=1, routed)           0.991     4.389    RESET_SW_IBUF
    SLICE_X0Y157         LUT1 (Prop_lut1_I0_O)        0.105     4.494 f  FSM_onehot_rx_byte_idx[3]_i_2/O
                         net (fo=311, routed)         4.786     9.281    FSM_onehot_rx_byte_idx[3]_i_2_n_0
    SLICE_X86Y117        FDCE                                         f  shadow_reg[159]/CLR
  -------------------------------------------------------------------    -------------------

                         (clock sys_clk_pin rise edge)
                                                     20.000    20.000 r  <hidden>
    B8                                                0.000    20.000 r  FPGA_CLK_50MHZ
                         net (fo=0)                   0.000    20.000    FPGA_CLK_50MHZ
    B8                   IBUF (Prop_ibuf_I_O)         1.399    21.399 r  FPGA_CLK_50MHZ_IBUF_inst/O
                         net (fo=1, routed)           1.880    23.279    FPGA_CLK_50MHZ_IBUF
    BUFGCTRL_X0Y16       BUFG (Prop_bufg_I_O)         0.077    23.356 r  FPGA_CLK_50MHZ_IBUF_BUFG_inst/O
                         net (fo=352, routed)         1.329    24.685    FPGA_CLK_50MHZ_IBUF_BUFG
    SLICE_X86Y117        FDCE                                         r  shadow_reg[159]/C
                         clock pessimism              0.000    24.685    <hidden>
                         clock uncertainty           -0.035    24.650    <hidden>
    SLICE_X86Y117        FDCE (Recov_fdce_C_CLR)     -0.331    24.319    shadow_reg[159]
  -------------------------------------------------------------------
                         required time                         24.319    <hidden>
                         arrival time                          -9.281    <hidden>
  -------------------------------------------------------------------
                         slack                                 15.038    <hidden>

Slack (MET) :             15.038ns  (required time - arrival time)
  Source:                 RESET_SW
                            (input port clocked by sys_clk_pin  {rise@0.000ns fall@10.000ns period=20.000ns})
  Destination:            shadow_reg[63]/CLR
                            (recovery check against rising-edge clock sys_clk_pin  {rise@0.000ns fall@10.000ns period=20.000ns})
  Path Group:             **async_default**
  Path Type:              Recovery (Max at Slow Process Corner)
  Requirement:            20.000ns  (sys_clk_pin rise@20.000ns - sys_clk_pin rise@0.000ns)
  Data Path Delay:        7.281ns  (logic 1.504ns (20.653%)  route 5.777ns (79.347%))
  Logic Levels:           2  (IBUF=1 LUT1=1)
  Input Delay:            2.000ns
  Clock Path Skew:        4.685ns (DCD - SCD + CPR)
    Destination Clock Delay (DCD):    4.685ns = ( 24.685 - 20.000 ) 
    Source Clock Delay      (SCD):    0.000ns
    Clock Pessimism Removal (CPR):    0.000ns
  Clock Uncertainty:      0.035ns  ((TSJ^2 + TIJ^2)^1/2 + DJ) / 2 + PE
    Total System Jitter     (TSJ):    0.071ns
    Total Input Jitter      (TIJ):    0.000ns
    Discrete Jitter          (DJ):    0.000ns
    Phase Error              (PE):    0.000ns

    Location             Delay type                Incr(ns)  Path(ns)    Netlist Resource(s)
  -------------------------------------------------------------------    -------------------
                         (clock sys_clk_pin rise edge)
                                                      0.000     0.000 r  <hidden>
                         input delay                  2.000     2.000    <hidden>
    D10                                               0.000     2.000 r  RESET_SW
                         net (fo=0)                   0.000     2.000    RESET_SW
    D10                  IBUF (Prop_ibuf_I_O)         1.399     3.399 r  RESET_SW_IBUF_inst/O
                         net (fo=1, routed)           0.991     4.389    RESET_SW_IBUF
    SLICE_X0Y157         LUT1 (Prop_lut1_I0_O)        0.105     4.494 f  FSM_onehot_rx_byte_idx[3]_i_2/O
                         net (fo=311, routed)         4.786     9.281    FSM_onehot_rx_byte_idx[3]_i_2_n_0
    SLICE_X86Y117        FDCE                                         f  shadow_reg[63]/CLR
  -------------------------------------------------------------------    -------------------

                         (clock sys_clk_pin rise edge)
                                                     20.000    20.000 r  <hidden>
    B8                                                0.000    20.000 r  FPGA_CLK_50MHZ
                         net (fo=0)                   0.000    20.000    FPGA_CLK_50MHZ
    B8                   IBUF (Prop_ibuf_I_O)         1.399    21.399 r  FPGA_CLK_50MHZ_IBUF_inst/O
                         net (fo=1, routed)           1.880    23.279    FPGA_CLK_50MHZ_IBUF
    BUFGCTRL_X0Y16       BUFG (Prop_bufg_I_O)         0.077    23.356 r  FPGA_CLK_50MHZ_IBUF_BUFG_inst/O
                         net (fo=352, routed)         1.329    24.685    FPGA_CLK_50MHZ_IBUF_BUFG
    SLICE_X86Y117        FDCE                                         r  shadow_reg[63]/C
                         clock pessimism              0.000    24.685    <hidden>
                         clock uncertainty           -0.035    24.650    <hidden>
    SLICE_X86Y117        FDCE (Recov_fdce_C_CLR)     -0.331    24.319    shadow_reg[63]
  -------------------------------------------------------------------
                         required time                         24.319    <hidden>
                         arrival time                          -9.281    <hidden>
  -------------------------------------------------------------------
                         slack                                 15.038    <hidden>

Slack (MET) :             15.038ns  (required time - arrival time)
  Source:                 RESET_SW
                            (input port clocked by sys_clk_pin  {rise@0.000ns fall@10.000ns period=20.000ns})
  Destination:            shadow_reg[79]/CLR
                            (recovery check against rising-edge clock sys_clk_pin  {rise@0.000ns fall@10.000ns period=20.000ns})
  Path Group:             **async_default**
  Path Type:              Recovery (Max at Slow Process Corner)
  Requirement:            20.000ns  (sys_clk_pin rise@20.000ns - sys_clk_pin rise@0.000ns)
  Data Path Delay:        7.281ns  (logic 1.504ns (20.653%)  route 5.777ns (79.347%))
  Logic Levels:           2  (IBUF=1 LUT1=1)
  Input Delay:            2.000ns
  Clock Path Skew:        4.685ns (DCD - SCD + CPR)
    Destination Clock Delay (DCD):    4.685ns = ( 24.685 - 20.000 ) 
    Source Clock Delay      (SCD):    0.000ns
    Clock Pessimism Removal (CPR):    0.000ns
  Clock Uncertainty:      0.035ns  ((TSJ^2 + TIJ^2)^1/2 + DJ) / 2 + PE
    Total System Jitter     (TSJ):    0.071ns
    Total Input Jitter      (TIJ):    0.000ns
    Discrete Jitter          (DJ):    0.000ns
    Phase Error              (PE):    0.000ns

    Location             Delay type                Incr(ns)  Path(ns)    Netlist Resource(s)
  -------------------------------------------------------------------    -------------------
                         (clock sys_clk_pin rise edge)
                                                      0.000     0.000 r  <hidden>
                         input delay                  2.000     2.000    <hidden>
    D10                                               0.000     2.000 r  RESET_SW
                         net (fo=0)                   0.000     2.000    RESET_SW
    D10                  IBUF (Prop_ibuf_I_O)         1.399     3.399 r  RESET_SW_IBUF_inst/O
                         net (fo=1, routed)           0.991     4.389    RESET_SW_IBUF
    SLICE_X0Y157         LUT1 (Prop_lut1_I0_O)        0.105     4.494 f  FSM_onehot_rx_byte_idx[3]_i_2/O
                         net (fo=311, routed)         4.786     9.281    FSM_onehot_rx_byte_idx[3]_i_2_n_0
    SLICE_X86Y117        FDCE                                         f  shadow_reg[79]/CLR
  -------------------------------------------------------------------    -------------------

                         (clock sys_clk_pin rise edge)
                                                     20.000    20.000 r  <hidden>
    B8                                                0.000    20.000 r  FPGA_CLK_50MHZ
                         net (fo=0)                   0.000    20.000    FPGA_CLK_50MHZ
    B8                   IBUF (Prop_ibuf_I_O)         1.399    21.399 r  FPGA_CLK_50MHZ_IBUF_inst/O
                         net (fo=1, routed)           1.880    23.279    FPGA_CLK_50MHZ_IBUF
    BUFGCTRL_X0Y16       BUFG (Prop_bufg_I_O)         0.077    23.356 r  FPGA_CLK_50MHZ_IBUF_BUFG_inst/O
                         net (fo=352, routed)         1.329    24.685    FPGA_CLK_50MHZ_IBUF_BUFG
    SLICE_X86Y117        FDCE                                         r  shadow_reg[79]/C
                         clock pessimism              0.000    24.685    <hidden>
                         clock uncertainty           -0.035    24.650    <hidden>
    SLICE_X86Y117        FDCE (Recov_fdce_C_CLR)     -0.331    24.319    shadow_reg[79]
  -------------------------------------------------------------------
                         required time                         24.319    <hidden>
                         arrival time                          -9.281    <hidden>
  -------------------------------------------------------------------
                         slack                                 15.038    <hidden>

Slack (MET) :             15.038ns  (required time - arrival time)
  Source:                 RESET_SW
                            (input port clocked by sys_clk_pin  {rise@0.000ns fall@10.000ns period=20.000ns})
  Destination:            shadow_reg[95]/CLR
                            (recovery check against rising-edge clock sys_clk_pin  {rise@0.000ns fall@10.000ns period=20.000ns})
  Path Group:             **async_default**
  Path Type:              Recovery (Max at Slow Process Corner)
  Requirement:            20.000ns  (sys_clk_pin rise@20.000ns - sys_clk_pin rise@0.000ns)
  Data Path Delay:        7.281ns  (logic 1.504ns (20.653%)  route 5.777ns (79.347%))
  Logic Levels:           2  (IBUF=1 LUT1=1)
  Input Delay:            2.000ns
  Clock Path Skew:        4.685ns (DCD - SCD + CPR)
    Destination Clock Delay (DCD):    4.685ns = ( 24.685 - 20.000 ) 
    Source Clock Delay      (SCD):    0.000ns
    Clock Pessimism Removal (CPR):    0.000ns
  Clock Uncertainty:      0.035ns  ((TSJ^2 + TIJ^2)^1/2 + DJ) / 2 + PE
    Total System Jitter     (TSJ):    0.071ns
    Total Input Jitter      (TIJ):    0.000ns
    Discrete Jitter          (DJ):    0.000ns
    Phase Error              (PE):    0.000ns

    Location             Delay type                Incr(ns)  Path(ns)    Netlist Resource(s)
  -------------------------------------------------------------------    -------------------
                         (clock sys_clk_pin rise edge)
                                                      0.000     0.000 r  <hidden>
                         input delay                  2.000     2.000    <hidden>
    D10                                               0.000     2.000 r  RESET_SW
                         net (fo=0)                   0.000     2.000    RESET_SW
    D10                  IBUF (Prop_ibuf_I_O)         1.399     3.399 r  RESET_SW_IBUF_inst/O
                         net (fo=1, routed)           0.991     4.389    RESET_SW_IBUF
    SLICE_X0Y157         LUT1 (Prop_lut1_I0_O)        0.105     4.494 f  FSM_onehot_rx_byte_idx[3]_i_2/O
                         net (fo=311, routed)         4.786     9.281    FSM_onehot_rx_byte_idx[3]_i_2_n_0
    SLICE_X86Y117        FDCE                                         f  shadow_reg[95]/CLR
  -------------------------------------------------------------------    -------------------

                         (clock sys_clk_pin rise edge)
                                                     20.000    20.000 r  <hidden>
    B8                                                0.000    20.000 r  FPGA_CLK_50MHZ
                         net (fo=0)                   0.000    20.000    FPGA_CLK_50MHZ
    B8                   IBUF (Prop_ibuf_I_O)         1.399    21.399 r  FPGA_CLK_50MHZ_IBUF_inst/O
                         net (fo=1, routed)           1.880    23.279    FPGA_CLK_50MHZ_IBUF
    BUFGCTRL_X0Y16       BUFG (Prop_bufg_I_O)         0.077    23.356 r  FPGA_CLK_50MHZ_IBUF_BUFG_inst/O
                         net (fo=352, routed)         1.329    24.685    FPGA_CLK_50MHZ_IBUF_BUFG
    SLICE_X86Y117        FDCE                                         r  shadow_reg[95]/C
                         clock pessimism              0.000    24.685    <hidden>
                         clock uncertainty           -0.035    24.650    <hidden>
    SLICE_X86Y117        FDCE (Recov_fdce_C_CLR)     -0.331    24.319    shadow_reg[95]
  -------------------------------------------------------------------
                         required time                         24.319    <hidden>
                         arrival time                          -9.281    <hidden>
  -------------------------------------------------------------------
                         slack                                 15.038    <hidden>

Slack (MET) :             15.042ns  (required time - arrival time)
  Source:                 RESET_SW
                            (input port clocked by sys_clk_pin  {rise@0.000ns fall@10.000ns period=20.000ns})
  Destination:            shadow_reg[110]/CLR
                            (recovery check against rising-edge clock sys_clk_pin  {rise@0.000ns fall@10.000ns period=20.000ns})
  Path Group:             **async_default**
  Path Type:              Recovery (Max at Slow Process Corner)
  Requirement:            20.000ns  (sys_clk_pin rise@20.000ns - sys_clk_pin rise@0.000ns)
  Data Path Delay:        7.277ns  (logic 1.504ns (20.664%)  route 5.773ns (79.336%))
  Logic Levels:           2  (IBUF=1 LUT1=1)
  Input Delay:            2.000ns
  Clock Path Skew:        4.685ns (DCD - SCD + CPR)
    Destination Clock Delay (DCD):    4.685ns = ( 24.685 - 20.000 ) 
    Source Clock Delay      (SCD):    0.000ns
    Clock Pessimism Removal (CPR):    0.000ns
  Clock Uncertainty:      0.035ns  ((TSJ^2 + TIJ^2)^1/2 + DJ) / 2 + PE
    Total System Jitter     (TSJ):    0.071ns
    Total Input Jitter      (TIJ):    0.000ns
    Discrete Jitter          (DJ):    0.000ns
    Phase Error              (PE):    0.000ns

    Location             Delay type                Incr(ns)  Path(ns)    Netlist Resource(s)
  -------------------------------------------------------------------    -------------------
                         (clock sys_clk_pin rise edge)
                                                      0.000     0.000 r  <hidden>
                         input delay                  2.000     2.000    <hidden>
    D10                                               0.000     2.000 r  RESET_SW
                         net (fo=0)                   0.000     2.000    RESET_SW
    D10                  IBUF (Prop_ibuf_I_O)         1.399     3.399 r  RESET_SW_IBUF_inst/O
                         net (fo=1, routed)           0.991     4.389    RESET_SW_IBUF
    SLICE_X0Y157         LUT1 (Prop_lut1_I0_O)        0.105     4.494 f  FSM_onehot_rx_byte_idx[3]_i_2/O
                         net (fo=311, routed)         4.783     9.277    FSM_onehot_rx_byte_idx[3]_i_2_n_0
    SLICE_X87Y117        FDCE                                         f  shadow_reg[110]/CLR
  -------------------------------------------------------------------    -------------------

                         (clock sys_clk_pin rise edge)
                                                     20.000    20.000 r  <hidden>
    B8                                                0.000    20.000 r  FPGA_CLK_50MHZ
                         net (fo=0)                   0.000    20.000    FPGA_CLK_50MHZ
    B8                   IBUF (Prop_ibuf_I_O)         1.399    21.399 r  FPGA_CLK_50MHZ_IBUF_inst/O
                         net (fo=1, routed)           1.880    23.279    FPGA_CLK_50MHZ_IBUF
    BUFGCTRL_X0Y16       BUFG (Prop_bufg_I_O)         0.077    23.356 r  FPGA_CLK_50MHZ_IBUF_BUFG_inst/O
                         net (fo=352, routed)         1.329    24.685    FPGA_CLK_50MHZ_IBUF_BUFG
    SLICE_X87Y117        FDCE                                         r  shadow_reg[110]/C
                         clock pessimism              0.000    24.685    <hidden>
                         clock uncertainty           -0.035    24.650    <hidden>
    SLICE_X87Y117        FDCE (Recov_fdce_C_CLR)     -0.331    24.319    shadow_reg[110]
  -------------------------------------------------------------------
                         required time                         24.319    <hidden>
                         arrival time                          -9.277    <hidden>
  -------------------------------------------------------------------
                         slack                                 15.042    <hidden>

Slack (MET) :             15.042ns  (required time - arrival time)
  Source:                 RESET_SW
                            (input port clocked by sys_clk_pin  {rise@0.000ns fall@10.000ns period=20.000ns})
  Destination:            shadow_reg[126]/CLR
                            (recovery check against rising-edge clock sys_clk_pin  {rise@0.000ns fall@10.000ns period=20.000ns})
  Path Group:             **async_default**
  Path Type:              Recovery (Max at Slow Process Corner)
  Requirement:            20.000ns  (sys_clk_pin rise@20.000ns - sys_clk_pin rise@0.000ns)
  Data Path Delay:        7.277ns  (logic 1.504ns (20.664%)  route 5.773ns (79.336%))
  Logic Levels:           2  (IBUF=1 LUT1=1)
  Input Delay:            2.000ns
  Clock Path Skew:        4.685ns (DCD - SCD + CPR)
    Destination Clock Delay (DCD):    4.685ns = ( 24.685 - 20.000 ) 
    Source Clock Delay      (SCD):    0.000ns
    Clock Pessimism Removal (CPR):    0.000ns
  Clock Uncertainty:      0.035ns  ((TSJ^2 + TIJ^2)^1/2 + DJ) / 2 + PE
    Total System Jitter     (TSJ):    0.071ns
    Total Input Jitter      (TIJ):    0.000ns
    Discrete Jitter          (DJ):    0.000ns
    Phase Error              (PE):    0.000ns

    Location             Delay type                Incr(ns)  Path(ns)    Netlist Resource(s)
  -------------------------------------------------------------------    -------------------
                         (clock sys_clk_pin rise edge)
                                                      0.000     0.000 r  <hidden>
                         input delay                  2.000     2.000    <hidden>
    D10                                               0.000     2.000 r  RESET_SW
                         net (fo=0)                   0.000     2.000    RESET_SW
    D10                  IBUF (Prop_ibuf_I_O)         1.399     3.399 r  RESET_SW_IBUF_inst/O
                         net (fo=1, routed)           0.991     4.389    RESET_SW_IBUF
    SLICE_X0Y157         LUT1 (Prop_lut1_I0_O)        0.105     4.494 f  FSM_onehot_rx_byte_idx[3]_i_2/O
                         net (fo=311, routed)         4.783     9.277    FSM_onehot_rx_byte_idx[3]_i_2_n_0
    SLICE_X87Y117        FDCE                                         f  shadow_reg[126]/CLR
  -------------------------------------------------------------------    -------------------

                         (clock sys_clk_pin rise edge)
                                                     20.000    20.000 r  <hidden>
    B8                                                0.000    20.000 r  FPGA_CLK_50MHZ
                         net (fo=0)                   0.000    20.000    FPGA_CLK_50MHZ
    B8                   IBUF (Prop_ibuf_I_O)         1.399    21.399 r  FPGA_CLK_50MHZ_IBUF_inst/O
                         net (fo=1, routed)           1.880    23.279    FPGA_CLK_50MHZ_IBUF
    BUFGCTRL_X0Y16       BUFG (Prop_bufg_I_O)         0.077    23.356 r  FPGA_CLK_50MHZ_IBUF_BUFG_inst/O
                         net (fo=352, routed)         1.329    24.685    FPGA_CLK_50MHZ_IBUF_BUFG
    SLICE_X87Y117        FDCE                                         r  shadow_reg[126]/C
                         clock pessimism              0.000    24.685    <hidden>
                         clock uncertainty           -0.035    24.650    <hidden>
    SLICE_X87Y117        FDCE (Recov_fdce_C_CLR)     -0.331    24.319    shadow_reg[126]
  -------------------------------------------------------------------
                         required time                         24.319    <hidden>
                         arrival time                          -9.277    <hidden>
  -------------------------------------------------------------------
                         slack                                 15.042    <hidden>





Min Delay Paths
--------------------------------------------------------------------------------------
Slack (MET) :             0.513ns  (arrival time - required time)
  Source:                 RESET_SW
                            (input port clocked by sys_clk_pin  {rise@0.000ns fall@10.000ns period=20.000ns})
  Destination:            le_reg_reg[6]_lopt_replica_2/CLR
                            (removal check against rising-edge clock sys_clk_pin  {rise@0.000ns fall@10.000ns period=20.000ns})
  Path Group:             **async_default**
  Path Type:              Removal (Min at Slow Process Corner)
  Requirement:            0.000ns  (sys_clk_pin rise@0.000ns - sys_clk_pin rise@0.000ns)
  Data Path Delay:        3.307ns  (logic 1.417ns (42.847%)  route 1.890ns (57.153%))
  Logic Levels:           2  (IBUF=1 LUT1=1)
  Input Delay:            2.000ns
  Clock Path Skew:        4.951ns (DCD - SCD - CPR)
    Destination Clock Delay (DCD):    4.951ns
    Source Clock Delay      (SCD):    0.000ns
    Clock Pessimism Removal (CPR):    -0.000ns
  Clock Uncertainty:      0.035ns  ((TSJ^2 + TIJ^2)^1/2 + DJ) / 2 + PE
    Total System Jitter     (TSJ):    0.071ns
    Total Input Jitter      (TIJ):    0.000ns
    Discrete Jitter          (DJ):    0.000ns
    Phase Error              (PE):    0.000ns

    Location             Delay type                Incr(ns)  Path(ns)    Netlist Resource(s)
  -------------------------------------------------------------------    -------------------
                         (clock sys_clk_pin rise edge)
                                                      0.000     0.000 r  <hidden>
                         input delay                  2.000     2.000    <hidden>
    D10                                               0.000     2.000 r  RESET_SW
                         net (fo=0)                   0.000     2.000    RESET_SW
    D10                  IBUF (Prop_ibuf_I_O)         1.333     3.333 r  RESET_SW_IBUF_inst/O
                         net (fo=1, routed)           0.834     4.167    RESET_SW_IBUF
    SLICE_X0Y157         LUT1 (Prop_lut1_I0_O)        0.084     4.251 f  FSM_onehot_rx_byte_idx[3]_i_2/O
                         net (fo=311, routed)         1.056     5.307    FSM_onehot_rx_byte_idx[3]_i_2_n_0
    SLICE_X0Y125         FDCE                                         f  le_reg_reg[6]_lopt_replica_2/CLR
  -------------------------------------------------------------------    -------------------

                         (clock sys_clk_pin rise edge)
                                                      0.000     0.000 r  <hidden>
    B8                                                0.000     0.000 r  FPGA_CLK_50MHZ
                         net (fo=0)                   0.000     0.000    FPGA_CLK_50MHZ
    B8                   IBUF (Prop_ibuf_I_O)         1.466     1.466 r  FPGA_CLK_50MHZ_IBUF_inst/O
                         net (fo=1, routed)           1.982     3.448    FPGA_CLK_50MHZ_IBUF
    BUFGCTRL_X0Y16       BUFG (Prop_bufg_I_O)         0.081     3.529 r  FPGA_CLK_50MHZ_IBUF_BUFG_inst/O
                         net (fo=352, routed)         1.422     4.951    FPGA_CLK_50MHZ_IBUF_BUFG
    SLICE_X0Y125         FDCE                                         r  le_reg_reg[6]_lopt_replica_2/C
                         clock pessimism              0.000     4.951    <hidden>
                         clock uncertainty            0.035     4.986    <hidden>
    SLICE_X0Y125         FDCE (Remov_fdce_C_CLR)     -0.192     4.794    le_reg_reg[6]_lopt_replica_2
  -------------------------------------------------------------------
                         required time                         -4.794    <hidden>
                         arrival time                           5.307    <hidden>
  -------------------------------------------------------------------
                         slack                                  0.513    <hidden>

Slack (MET) :             0.513ns  (arrival time - required time)
  Source:                 RESET_SW
                            (input port clocked by sys_clk_pin  {rise@0.000ns fall@10.000ns period=20.000ns})
  Destination:            le_reg_reg[8]_lopt_replica/CLR
                            (removal check against rising-edge clock sys_clk_pin  {rise@0.000ns fall@10.000ns period=20.000ns})
  Path Group:             **async_default**
  Path Type:              Removal (Min at Slow Process Corner)
  Requirement:            0.000ns  (sys_clk_pin rise@0.000ns - sys_clk_pin rise@0.000ns)
  Data Path Delay:        3.307ns  (logic 1.417ns (42.847%)  route 1.890ns (57.153%))
  Logic Levels:           2  (IBUF=1 LUT1=1)
  Input Delay:            2.000ns
  Clock Path Skew:        4.951ns (DCD - SCD - CPR)
    Destination Clock Delay (DCD):    4.951ns
    Source Clock Delay      (SCD):    0.000ns
    Clock Pessimism Removal (CPR):    -0.000ns
  Clock Uncertainty:      0.035ns  ((TSJ^2 + TIJ^2)^1/2 + DJ) / 2 + PE
    Total System Jitter     (TSJ):    0.071ns
    Total Input Jitter      (TIJ):    0.000ns
    Discrete Jitter          (DJ):    0.000ns
    Phase Error              (PE):    0.000ns

    Location             Delay type                Incr(ns)  Path(ns)    Netlist Resource(s)
  -------------------------------------------------------------------    -------------------
                         (clock sys_clk_pin rise edge)
                                                      0.000     0.000 r  <hidden>
                         input delay                  2.000     2.000    <hidden>
    D10                                               0.000     2.000 r  RESET_SW
                         net (fo=0)                   0.000     2.000    RESET_SW
    D10                  IBUF (Prop_ibuf_I_O)         1.333     3.333 r  RESET_SW_IBUF_inst/O
                         net (fo=1, routed)           0.834     4.167    RESET_SW_IBUF
    SLICE_X0Y157         LUT1 (Prop_lut1_I0_O)        0.084     4.251 f  FSM_onehot_rx_byte_idx[3]_i_2/O
                         net (fo=311, routed)         1.056     5.307    FSM_onehot_rx_byte_idx[3]_i_2_n_0
    SLICE_X0Y125         FDCE                                         f  le_reg_reg[8]_lopt_replica/CLR
  -------------------------------------------------------------------    -------------------

                         (clock sys_clk_pin rise edge)
                                                      0.000     0.000 r  <hidden>
    B8                                                0.000     0.000 r  FPGA_CLK_50MHZ
                         net (fo=0)                   0.000     0.000    FPGA_CLK_50MHZ
    B8                   IBUF (Prop_ibuf_I_O)         1.466     1.466 r  FPGA_CLK_50MHZ_IBUF_inst/O
                         net (fo=1, routed)           1.982     3.448    FPGA_CLK_50MHZ_IBUF
    BUFGCTRL_X0Y16       BUFG (Prop_bufg_I_O)         0.081     3.529 r  FPGA_CLK_50MHZ_IBUF_BUFG_inst/O
                         net (fo=352, routed)         1.422     4.951    FPGA_CLK_50MHZ_IBUF_BUFG
    SLICE_X0Y125         FDCE                                         r  le_reg_reg[8]_lopt_replica/C
                         clock pessimism              0.000     4.951    <hidden>
                         clock uncertainty            0.035     4.986    <hidden>
    SLICE_X0Y125         FDCE (Remov_fdce_C_CLR)     -0.192     4.794    le_reg_reg[8]_lopt_replica
  -------------------------------------------------------------------
                         required time                         -4.794    <hidden>
                         arrival time                           5.307    <hidden>
  -------------------------------------------------------------------
                         slack                                  0.513    <hidden>

Slack (MET) :             0.650ns  (arrival time - required time)
  Source:                 RESET_SW
                            (input port clocked by sys_clk_pin  {rise@0.000ns fall@10.000ns period=20.000ns})
  Destination:            le_reg_reg[7]_lopt_replica_2/CLR
                            (removal check against rising-edge clock sys_clk_pin  {rise@0.000ns fall@10.000ns period=20.000ns})
  Path Group:             **async_default**
  Path Type:              Removal (Min at Slow Process Corner)
  Requirement:            0.000ns  (sys_clk_pin rise@0.000ns - sys_clk_pin rise@0.000ns)
  Data Path Delay:        3.446ns  (logic 1.417ns (41.124%)  route 2.029ns (58.876%))
  Logic Levels:           2  (IBUF=1 LUT1=1)
  Input Delay:            2.000ns
  Clock Path Skew:        4.952ns (DCD - SCD - CPR)
    Destination Clock Delay (DCD):    4.952ns
    Source Clock Delay      (SCD):    0.000ns
    Clock Pessimism Removal (CPR):    -0.000ns
  Clock Uncertainty:      0.035ns  ((TSJ^2 + TIJ^2)^1/2 + DJ) / 2 + PE
    Total System Jitter     (TSJ):    0.071ns
    Total Input Jitter      (TIJ):    0.000ns
    Discrete Jitter          (DJ):    0.000ns
    Phase Error              (PE):    0.000ns

    Location             Delay type                Incr(ns)  Path(ns)    Netlist Resource(s)
  -------------------------------------------------------------------    -------------------
                         (clock sys_clk_pin rise edge)
                                                      0.000     0.000 r  <hidden>
                         input delay                  2.000     2.000    <hidden>
    D10                                               0.000     2.000 r  RESET_SW
                         net (fo=0)                   0.000     2.000    RESET_SW
    D10                  IBUF (Prop_ibuf_I_O)         1.333     3.333 r  RESET_SW_IBUF_inst/O
                         net (fo=1, routed)           0.834     4.167    RESET_SW_IBUF
    SLICE_X0Y157         LUT1 (Prop_lut1_I0_O)        0.084     4.251 f  FSM_onehot_rx_byte_idx[3]_i_2/O
                         net (fo=311, routed)         1.195     5.446    FSM_onehot_rx_byte_idx[3]_i_2_n_0
    SLICE_X0Y123         FDCE                                         f  le_reg_reg[7]_lopt_replica_2/CLR
  -------------------------------------------------------------------    -------------------

                         (clock sys_clk_pin rise edge)
                                                      0.000     0.000 r  <hidden>
    B8                                                0.000     0.000 r  FPGA_CLK_50MHZ
                         net (fo=0)                   0.000     0.000    FPGA_CLK_50MHZ
    B8                   IBUF (Prop_ibuf_I_O)         1.466     1.466 r  FPGA_CLK_50MHZ_IBUF_inst/O
                         net (fo=1, routed)           1.982     3.448    FPGA_CLK_50MHZ_IBUF
    BUFGCTRL_X0Y16       BUFG (Prop_bufg_I_O)         0.081     3.529 r  FPGA_CLK_50MHZ_IBUF_BUFG_inst/O
                         net (fo=352, routed)         1.423     4.952    FPGA_CLK_50MHZ_IBUF_BUFG
    SLICE_X0Y123         FDCE                                         r  le_reg_reg[7]_lopt_replica_2/C
                         clock pessimism              0.000     4.952    <hidden>
                         clock uncertainty            0.035     4.987    <hidden>
    SLICE_X0Y123         FDCE (Remov_fdce_C_CLR)     -0.192     4.795    le_reg_reg[7]_lopt_replica_2
  -------------------------------------------------------------------
                         required time                         -4.795    <hidden>
                         arrival time                           5.446    <hidden>
  -------------------------------------------------------------------
                         slack                                  0.650    <hidden>

Slack (MET) :             0.650ns  (arrival time - required time)
  Source:                 RESET_SW
                            (input port clocked by sys_clk_pin  {rise@0.000ns fall@10.000ns period=20.000ns})
  Destination:            le_reg_reg[8]_lopt_replica_2/CLR
                            (removal check against rising-edge clock sys_clk_pin  {rise@0.000ns fall@10.000ns period=20.000ns})
  Path Group:             **async_default**
  Path Type:              Removal (Min at Slow Process Corner)
  Requirement:            0.000ns  (sys_clk_pin rise@0.000ns - sys_clk_pin rise@0.000ns)
  Data Path Delay:        3.446ns  (logic 1.417ns (41.124%)  route 2.029ns (58.876%))
  Logic Levels:           2  (IBUF=1 LUT1=1)
  Input Delay:            2.000ns
  Clock Path Skew:        4.952ns (DCD - SCD - CPR)
    Destination Clock Delay (DCD):    4.952ns
    Source Clock Delay      (SCD):    0.000ns
    Clock Pessimism Removal (CPR):    -0.000ns
  Clock Uncertainty:      0.035ns  ((TSJ^2 + TIJ^2)^1/2 + DJ) / 2 + PE
    Total System Jitter     (TSJ):    0.071ns
    Total Input Jitter      (TIJ):    0.000ns
    Discrete Jitter          (DJ):    0.000ns
    Phase Error              (PE):    0.000ns

    Location             Delay type                Incr(ns)  Path(ns)    Netlist Resource(s)
  -------------------------------------------------------------------    -------------------
                         (clock sys_clk_pin rise edge)
                                                      0.000     0.000 r  <hidden>
                         input delay                  2.000     2.000    <hidden>
    D10                                               0.000     2.000 r  RESET_SW
                         net (fo=0)                   0.000     2.000    RESET_SW
    D10                  IBUF (Prop_ibuf_I_O)         1.333     3.333 r  RESET_SW_IBUF_inst/O
                         net (fo=1, routed)           0.834     4.167    RESET_SW_IBUF
    SLICE_X0Y157         LUT1 (Prop_lut1_I0_O)        0.084     4.251 f  FSM_onehot_rx_byte_idx[3]_i_2/O
                         net (fo=311, routed)         1.195     5.446    FSM_onehot_rx_byte_idx[3]_i_2_n_0
    SLICE_X0Y123         FDCE                                         f  le_reg_reg[8]_lopt_replica_2/CLR
  -------------------------------------------------------------------    -------------------

                         (clock sys_clk_pin rise edge)
                                                      0.000     0.000 r  <hidden>
    B8                                                0.000     0.000 r  FPGA_CLK_50MHZ
                         net (fo=0)                   0.000     0.000    FPGA_CLK_50MHZ
    B8                   IBUF (Prop_ibuf_I_O)         1.466     1.466 r  FPGA_CLK_50MHZ_IBUF_inst/O
                         net (fo=1, routed)           1.982     3.448    FPGA_CLK_50MHZ_IBUF
    BUFGCTRL_X0Y16       BUFG (Prop_bufg_I_O)         0.081     3.529 r  FPGA_CLK_50MHZ_IBUF_BUFG_inst/O
                         net (fo=352, routed)         1.423     4.952    FPGA_CLK_50MHZ_IBUF_BUFG
    SLICE_X0Y123         FDCE                                         r  le_reg_reg[8]_lopt_replica_2/C
                         clock pessimism              0.000     4.952    <hidden>
                         clock uncertainty            0.035     4.987    <hidden>
    SLICE_X0Y123         FDCE (Remov_fdce_C_CLR)     -0.192     4.795    le_reg_reg[8]_lopt_replica_2
  -------------------------------------------------------------------
                         required time                         -4.795    <hidden>
                         arrival time                           5.446    <hidden>
  -------------------------------------------------------------------
                         slack                                  0.650    <hidden>

Slack (MET) :             0.668ns  (arrival time - required time)
  Source:                 RESET_SW
                            (input port clocked by sys_clk_pin  {rise@0.000ns fall@10.000ns period=20.000ns})
  Destination:            le_reg_reg[6]_lopt_replica/CLR
                            (removal check against rising-edge clock sys_clk_pin  {rise@0.000ns fall@10.000ns period=20.000ns})
  Path Group:             **async_default**
  Path Type:              Removal (Min at Slow Process Corner)
  Requirement:            0.000ns  (sys_clk_pin rise@0.000ns - sys_clk_pin rise@0.000ns)
  Data Path Delay:        3.466ns  (logic 1.417ns (40.888%)  route 2.049ns (59.112%))
  Logic Levels:           2  (IBUF=1 LUT1=1)
  Input Delay:            2.000ns
  Clock Path Skew:        4.954ns (DCD - SCD - CPR)
    Destination Clock Delay (DCD):    4.954ns
    Source Clock Delay      (SCD):    0.000ns
    Clock Pessimism Removal (CPR):    -0.000ns
  Clock Uncertainty:      0.035ns  ((TSJ^2 + TIJ^2)^1/2 + DJ) / 2 + PE
    Total System Jitter     (TSJ):    0.071ns
    Total Input Jitter      (TIJ):    0.000ns
    Discrete Jitter          (DJ):    0.000ns
    Phase Error              (PE):    0.000ns

    Location             Delay type                Incr(ns)  Path(ns)    Netlist Resource(s)
  -------------------------------------------------------------------    -------------------
                         (clock sys_clk_pin rise edge)
                                                      0.000     0.000 r  <hidden>
                         input delay                  2.000     2.000    <hidden>
    D10                                               0.000     2.000 r  RESET_SW
                         net (fo=0)                   0.000     2.000    RESET_SW
    D10                  IBUF (Prop_ibuf_I_O)         1.333     3.333 r  RESET_SW_IBUF_inst/O
                         net (fo=1, routed)           0.834     4.167    RESET_SW_IBUF
    SLICE_X0Y157         LUT1 (Prop_lut1_I0_O)        0.084     4.251 f  FSM_onehot_rx_byte_idx[3]_i_2/O
                         net (fo=311, routed)         1.215     5.466    FSM_onehot_rx_byte_idx[3]_i_2_n_0
    SLICE_X0Y127         FDCE                                         f  le_reg_reg[6]_lopt_replica/CLR
  -------------------------------------------------------------------    -------------------

                         (clock sys_clk_pin rise edge)
                                                      0.000     0.000 r  <hidden>
    B8                                                0.000     0.000 r  FPGA_CLK_50MHZ
                         net (fo=0)                   0.000     0.000    FPGA_CLK_50MHZ
    B8                   IBUF (Prop_ibuf_I_O)         1.466     1.466 r  FPGA_CLK_50MHZ_IBUF_inst/O
                         net (fo=1, routed)           1.982     3.448    FPGA_CLK_50MHZ_IBUF
    BUFGCTRL_X0Y16       BUFG (Prop_bufg_I_O)         0.081     3.529 r  FPGA_CLK_50MHZ_IBUF_BUFG_inst/O
                         net (fo=352, routed)         1.425     4.954    FPGA_CLK_50MHZ_IBUF_BUFG
    SLICE_X0Y127         FDCE                                         r  le_reg_reg[6]_lopt_replica/C
                         clock pessimism              0.000     4.954    <hidden>
                         clock uncertainty            0.035     4.989    <hidden>
    SLICE_X0Y127         FDCE (Remov_fdce_C_CLR)     -0.192     4.797    le_reg_reg[6]_lopt_replica
  -------------------------------------------------------------------
                         required time                         -4.797    <hidden>
                         arrival time                           5.466    <hidden>
  -------------------------------------------------------------------
                         slack                                  0.668    <hidden>

Slack (MET) :             0.668ns  (arrival time - required time)
  Source:                 RESET_SW
                            (input port clocked by sys_clk_pin  {rise@0.000ns fall@10.000ns period=20.000ns})
  Destination:            le_reg_reg[7]_lopt_replica/CLR
                            (removal check against rising-edge clock sys_clk_pin  {rise@0.000ns fall@10.000ns period=20.000ns})
  Path Group:             **async_default**
  Path Type:              Removal (Min at Slow Process Corner)
  Requirement:            0.000ns  (sys_clk_pin rise@0.000ns - sys_clk_pin rise@0.000ns)
  Data Path Delay:        3.466ns  (logic 1.417ns (40.888%)  route 2.049ns (59.112%))
  Logic Levels:           2  (IBUF=1 LUT1=1)
  Input Delay:            2.000ns
  Clock Path Skew:        4.954ns (DCD - SCD - CPR)
    Destination Clock Delay (DCD):    4.954ns
    Source Clock Delay      (SCD):    0.000ns
    Clock Pessimism Removal (CPR):    -0.000ns
  Clock Uncertainty:      0.035ns  ((TSJ^2 + TIJ^2)^1/2 + DJ) / 2 + PE
    Total System Jitter     (TSJ):    0.071ns
    Total Input Jitter      (TIJ):    0.000ns
    Discrete Jitter          (DJ):    0.000ns
    Phase Error              (PE):    0.000ns

    Location             Delay type                Incr(ns)  Path(ns)    Netlist Resource(s)
  -------------------------------------------------------------------    -------------------
                         (clock sys_clk_pin rise edge)
                                                      0.000     0.000 r  <hidden>
                         input delay                  2.000     2.000    <hidden>
    D10                                               0.000     2.000 r  RESET_SW
                         net (fo=0)                   0.000     2.000    RESET_SW
    D10                  IBUF (Prop_ibuf_I_O)         1.333     3.333 r  RESET_SW_IBUF_inst/O
                         net (fo=1, routed)           0.834     4.167    RESET_SW_IBUF
    SLICE_X0Y157         LUT1 (Prop_lut1_I0_O)        0.084     4.251 f  FSM_onehot_rx_byte_idx[3]_i_2/O
                         net (fo=311, routed)         1.215     5.466    FSM_onehot_rx_byte_idx[3]_i_2_n_0
    SLICE_X0Y127         FDCE                                         f  le_reg_reg[7]_lopt_replica/CLR
  -------------------------------------------------------------------    -------------------

                         (clock sys_clk_pin rise edge)
                                                      0.000     0.000 r  <hidden>
    B8                                                0.000     0.000 r  FPGA_CLK_50MHZ
                         net (fo=0)                   0.000     0.000    FPGA_CLK_50MHZ
    B8                   IBUF (Prop_ibuf_I_O)         1.466     1.466 r  FPGA_CLK_50MHZ_IBUF_inst/O
                         net (fo=1, routed)           1.982     3.448    FPGA_CLK_50MHZ_IBUF
    BUFGCTRL_X0Y16       BUFG (Prop_bufg_I_O)         0.081     3.529 r  FPGA_CLK_50MHZ_IBUF_BUFG_inst/O
                         net (fo=352, routed)         1.425     4.954    FPGA_CLK_50MHZ_IBUF_BUFG
    SLICE_X0Y127         FDCE                                         r  le_reg_reg[7]_lopt_replica/C
                         clock pessimism              0.000     4.954    <hidden>
                         clock uncertainty            0.035     4.989    <hidden>
    SLICE_X0Y127         FDCE (Remov_fdce_C_CLR)     -0.192     4.797    le_reg_reg[7]_lopt_replica
  -------------------------------------------------------------------
                         required time                         -4.797    <hidden>
                         arrival time                           5.466    <hidden>
  -------------------------------------------------------------------
                         slack                                  0.668    <hidden>

Slack (MET) :             0.758ns  (arrival time - required time)
  Source:                 RESET_SW
                            (input port clocked by sys_clk_pin  {rise@0.000ns fall@10.000ns period=20.000ns})
  Destination:            le_reg_reg[6]/CLR
                            (removal check against rising-edge clock sys_clk_pin  {rise@0.000ns fall@10.000ns period=20.000ns})
  Path Group:             **async_default**
  Path Type:              Removal (Min at Slow Process Corner)
  Requirement:            0.000ns  (sys_clk_pin rise@0.000ns - sys_clk_pin rise@0.000ns)
  Data Path Delay:        3.556ns  (logic 1.417ns (39.849%)  route 2.139ns (60.151%))
  Logic Levels:           2  (IBUF=1 LUT1=1)
  Input Delay:            2.000ns
  Clock Path Skew:        4.955ns (DCD - SCD - CPR)
    Destination Clock Delay (DCD):    4.955ns
    Source Clock Delay      (SCD):    0.000ns
    Clock Pessimism Removal (CPR):    -0.000ns
  Clock Uncertainty:      0.035ns  ((TSJ^2 + TIJ^2)^1/2 + DJ) / 2 + PE
    Total System Jitter     (TSJ):    0.071ns
    Total Input Jitter      (TIJ):    0.000ns
    Discrete Jitter          (DJ):    0.000ns
    Phase Error              (PE):    0.000ns

    Location             Delay type                Incr(ns)  Path(ns)    Netlist Resource(s)
  -------------------------------------------------------------------    -------------------
                         (clock sys_clk_pin rise edge)
                                                      0.000     0.000 r  <hidden>
                         input delay                  2.000     2.000    <hidden>
    D10                                               0.000     2.000 r  RESET_SW
                         net (fo=0)                   0.000     2.000    RESET_SW
    D10                  IBUF (Prop_ibuf_I_O)         1.333     3.333 r  RESET_SW_IBUF_inst/O
                         net (fo=1, routed)           0.834     4.167    RESET_SW_IBUF
    SLICE_X0Y157         LUT1 (Prop_lut1_I0_O)        0.084     4.251 f  FSM_onehot_rx_byte_idx[3]_i_2/O
                         net (fo=311, routed)         1.305     5.556    FSM_onehot_rx_byte_idx[3]_i_2_n_0
    SLICE_X0Y121         FDCE                                         f  le_reg_reg[6]/CLR
  -------------------------------------------------------------------    -------------------

                         (clock sys_clk_pin rise edge)
                                                      0.000     0.000 r  <hidden>
    B8                                                0.000     0.000 r  FPGA_CLK_50MHZ
                         net (fo=0)                   0.000     0.000    FPGA_CLK_50MHZ
    B8                   IBUF (Prop_ibuf_I_O)         1.466     1.466 r  FPGA_CLK_50MHZ_IBUF_inst/O
                         net (fo=1, routed)           1.982     3.448    FPGA_CLK_50MHZ_IBUF
    BUFGCTRL_X0Y16       BUFG (Prop_bufg_I_O)         0.081     3.529 r  FPGA_CLK_50MHZ_IBUF_BUFG_inst/O
                         net (fo=352, routed)         1.426     4.955    FPGA_CLK_50MHZ_IBUF_BUFG
    SLICE_X0Y121         FDCE                                         r  le_reg_reg[6]/C
                         clock pessimism              0.000     4.955    <hidden>
                         clock uncertainty            0.035     4.990    <hidden>
    SLICE_X0Y121         FDCE (Remov_fdce_C_CLR)     -0.192     4.798    le_reg_reg[6]
  -------------------------------------------------------------------
                         required time                         -4.798    <hidden>
                         arrival time                           5.556    <hidden>
  -------------------------------------------------------------------
                         slack                                  0.758    <hidden>

Slack (MET) :             0.758ns  (arrival time - required time)
  Source:                 RESET_SW
                            (input port clocked by sys_clk_pin  {rise@0.000ns fall@10.000ns period=20.000ns})
  Destination:            le_reg_reg[7]/CLR
                            (removal check against rising-edge clock sys_clk_pin  {rise@0.000ns fall@10.000ns period=20.000ns})
  Path Group:             **async_default**
  Path Type:              Removal (Min at Slow Process Corner)
  Requirement:            0.000ns  (sys_clk_pin rise@0.000ns - sys_clk_pin rise@0.000ns)
  Data Path Delay:        3.556ns  (logic 1.417ns (39.849%)  route 2.139ns (60.151%))
  Logic Levels:           2  (IBUF=1 LUT1=1)
  Input Delay:            2.000ns
  Clock Path Skew:        4.955ns (DCD - SCD - CPR)
    Destination Clock Delay (DCD):    4.955ns
    Source Clock Delay      (SCD):    0.000ns
    Clock Pessimism Removal (CPR):    -0.000ns
  Clock Uncertainty:      0.035ns  ((TSJ^2 + TIJ^2)^1/2 + DJ) / 2 + PE
    Total System Jitter     (TSJ):    0.071ns
    Total Input Jitter      (TIJ):    0.000ns
    Discrete Jitter          (DJ):    0.000ns
    Phase Error              (PE):    0.000ns

    Location             Delay type                Incr(ns)  Path(ns)    Netlist Resource(s)
  -------------------------------------------------------------------    -------------------
                         (clock sys_clk_pin rise edge)
                                                      0.000     0.000 r  <hidden>
                         input delay                  2.000     2.000    <hidden>
    D10                                               0.000     2.000 r  RESET_SW
                         net (fo=0)                   0.000     2.000    RESET_SW
    D10                  IBUF (Prop_ibuf_I_O)         1.333     3.333 r  RESET_SW_IBUF_inst/O
                         net (fo=1, routed)           0.834     4.167    RESET_SW_IBUF
    SLICE_X0Y157         LUT1 (Prop_lut1_I0_O)        0.084     4.251 f  FSM_onehot_rx_byte_idx[3]_i_2/O
                         net (fo=311, routed)         1.305     5.556    FSM_onehot_rx_byte_idx[3]_i_2_n_0
    SLICE_X0Y121         FDCE                                         f  le_reg_reg[7]/CLR
  -------------------------------------------------------------------    -------------------

                         (clock sys_clk_pin rise edge)
                                                      0.000     0.000 r  <hidden>
    B8                                                0.000     0.000 r  FPGA_CLK_50MHZ
                         net (fo=0)                   0.000     0.000    FPGA_CLK_50MHZ
    B8                   IBUF (Prop_ibuf_I_O)         1.466     1.466 r  FPGA_CLK_50MHZ_IBUF_inst/O
                         net (fo=1, routed)           1.982     3.448    FPGA_CLK_50MHZ_IBUF
    BUFGCTRL_X0Y16       BUFG (Prop_bufg_I_O)         0.081     3.529 r  FPGA_CLK_50MHZ_IBUF_BUFG_inst/O
                         net (fo=352, routed)         1.426     4.955    FPGA_CLK_50MHZ_IBUF_BUFG
    SLICE_X0Y121         FDCE                                         r  le_reg_reg[7]/C
                         clock pessimism              0.000     4.955    <hidden>
                         clock uncertainty            0.035     4.990    <hidden>
    SLICE_X0Y121         FDCE (Remov_fdce_C_CLR)     -0.192     4.798    le_reg_reg[7]
  -------------------------------------------------------------------
                         required time                         -4.798    <hidden>
                         arrival time                           5.556    <hidden>
  -------------------------------------------------------------------
                         slack                                  0.758    <hidden>

Slack (MET) :             0.865ns  (arrival time - required time)
  Source:                 RESET_SW
                            (input port clocked by sys_clk_pin  {rise@0.000ns fall@10.000ns period=20.000ns})
  Destination:            le_reg_reg[8]/CLR
                            (removal check against rising-edge clock sys_clk_pin  {rise@0.000ns fall@10.000ns period=20.000ns})
  Path Group:             **async_default**
  Path Type:              Removal (Min at Slow Process Corner)
  Requirement:            0.000ns  (sys_clk_pin rise@0.000ns - sys_clk_pin rise@0.000ns)
  Data Path Delay:        3.666ns  (logic 1.417ns (38.654%)  route 2.249ns (61.346%))
  Logic Levels:           2  (IBUF=1 LUT1=1)
  Input Delay:            2.000ns
  Clock Path Skew:        4.958ns (DCD - SCD - CPR)
    Destination Clock Delay (DCD):    4.958ns
    Source Clock Delay      (SCD):    0.000ns
    Clock Pessimism Removal (CPR):    -0.000ns
  Clock Uncertainty:      0.035ns  ((TSJ^2 + TIJ^2)^1/2 + DJ) / 2 + PE
    Total System Jitter     (TSJ):    0.071ns
    Total Input Jitter      (TIJ):    0.000ns
    Discrete Jitter          (DJ):    0.000ns
    Phase Error              (PE):    0.000ns

    Location             Delay type                Incr(ns)  Path(ns)    Netlist Resource(s)
  -------------------------------------------------------------------    -------------------
                         (clock sys_clk_pin rise edge)
                                                      0.000     0.000 r  <hidden>
                         input delay                  2.000     2.000    <hidden>
    D10                                               0.000     2.000 r  RESET_SW
                         net (fo=0)                   0.000     2.000    RESET_SW
    D10                  IBUF (Prop_ibuf_I_O)         1.333     3.333 r  RESET_SW_IBUF_inst/O
                         net (fo=1, routed)           0.834     4.167    RESET_SW_IBUF
    SLICE_X0Y157         LUT1 (Prop_lut1_I0_O)        0.084     4.251 f  FSM_onehot_rx_byte_idx[3]_i_2/O
                         net (fo=311, routed)         1.415     5.666    FSM_onehot_rx_byte_idx[3]_i_2_n_0
    SLICE_X0Y119         FDCE                                         f  le_reg_reg[8]/CLR
  -------------------------------------------------------------------    -------------------

                         (clock sys_clk_pin rise edge)
                                                      0.000     0.000 r  <hidden>
    B8                                                0.000     0.000 r  FPGA_CLK_50MHZ
                         net (fo=0)                   0.000     0.000    FPGA_CLK_50MHZ
    B8                   IBUF (Prop_ibuf_I_O)         1.466     1.466 r  FPGA_CLK_50MHZ_IBUF_inst/O
                         net (fo=1, routed)           1.982     3.448    FPGA_CLK_50MHZ_IBUF
    BUFGCTRL_X0Y16       BUFG (Prop_bufg_I_O)         0.081     3.529 r  FPGA_CLK_50MHZ_IBUF_BUFG_inst/O
                         net (fo=352, routed)         1.429     4.958    FPGA_CLK_50MHZ_IBUF_BUFG
    SLICE_X0Y119         FDCE                                         r  le_reg_reg[8]/C
                         clock pessimism              0.000     4.958    <hidden>
                         clock uncertainty            0.035     4.993    <hidden>
    SLICE_X0Y119         FDCE (Remov_fdce_C_CLR)     -0.192     4.801    le_reg_reg[8]
  -------------------------------------------------------------------
                         required time                         -4.801    <hidden>
                         arrival time                           5.666    <hidden>
  -------------------------------------------------------------------
                         slack                                  0.865    <hidden>

Slack (MET) :             1.816ns  (arrival time - required time)
  Source:                 RESET_SW
                            (input port clocked by sys_clk_pin  {rise@0.000ns fall@10.000ns period=20.000ns})
  Destination:            le_reg_reg[9]/CLR
                            (removal check against rising-edge clock sys_clk_pin  {rise@0.000ns fall@10.000ns period=20.000ns})
  Path Group:             **async_default**
  Path Type:              Removal (Min at Slow Process Corner)
  Requirement:            0.000ns  (sys_clk_pin rise@0.000ns - sys_clk_pin rise@0.000ns)
  Data Path Delay:        4.579ns  (logic 1.417ns (30.948%)  route 3.162ns (69.052%))
  Logic Levels:           2  (IBUF=1 LUT1=1)
  Input Delay:            2.000ns
  Clock Path Skew:        4.869ns (DCD - SCD - CPR)
    Destination Clock Delay (DCD):    4.869ns
    Source Clock Delay      (SCD):    0.000ns
    Clock Pessimism Removal (CPR):    -0.000ns
  Clock Uncertainty:      0.035ns  ((TSJ^2 + TIJ^2)^1/2 + DJ) / 2 + PE
    Total System Jitter     (TSJ):    0.071ns
    Total Input Jitter      (TIJ):    0.000ns
    Discrete Jitter          (DJ):    0.000ns
    Phase Error              (PE):    0.000ns

    Location             Delay type                Incr(ns)  Path(ns)    Netlist Resource(s)
  -------------------------------------------------------------------    -------------------
                         (clock sys_clk_pin rise edge)
                                                      0.000     0.000 r  <hidden>
                         input delay                  2.000     2.000    <hidden>
    D10                                               0.000     2.000 r  RESET_SW
                         net (fo=0)                   0.000     2.000    RESET_SW
    D10                  IBUF (Prop_ibuf_I_O)         1.333     3.333 r  RESET_SW_IBUF_inst/O
                         net (fo=1, routed)           0.834     4.167    RESET_SW_IBUF
    SLICE_X0Y157         LUT1 (Prop_lut1_I0_O)        0.084     4.251 f  FSM_onehot_rx_byte_idx[3]_i_2/O
                         net (fo=311, routed)         2.328     6.579    FSM_onehot_rx_byte_idx[3]_i_2_n_0
    SLICE_X54Y119        FDCE                                         f  le_reg_reg[9]/CLR
  -------------------------------------------------------------------    -------------------

                         (clock sys_clk_pin rise edge)
                                                      0.000     0.000 r  <hidden>
    B8                                                0.000     0.000 r  FPGA_CLK_50MHZ
                         net (fo=0)                   0.000     0.000    FPGA_CLK_50MHZ
    B8                   IBUF (Prop_ibuf_I_O)         1.466     1.466 r  FPGA_CLK_50MHZ_IBUF_inst/O
                         net (fo=1, routed)           1.982     3.448    FPGA_CLK_50MHZ_IBUF
    BUFGCTRL_X0Y16       BUFG (Prop_bufg_I_O)         0.081     3.529 r  FPGA_CLK_50MHZ_IBUF_BUFG_inst/O
                         net (fo=352, routed)         1.340     4.869    FPGA_CLK_50MHZ_IBUF_BUFG
    SLICE_X54Y119        FDCE                                         r  le_reg_reg[9]/C
                         clock pessimism              0.000     4.869    <hidden>
                         clock uncertainty            0.035     4.904    <hidden>
    SLICE_X54Y119        FDCE (Remov_fdce_C_CLR)     -0.142     4.762    le_reg_reg[9]
  -------------------------------------------------------------------
                         required time                         -4.762    <hidden>
                         arrival time                           6.579    <hidden>
  -------------------------------------------------------------------
                         slack                                  1.816    <hidden>





